-- phpMyAdmin SQL Dump
-- version 4.0.10.7
-- http://www.phpmyadmin.net
--
-- Host: localhost
-- Generation Time: Jul 08, 2016 at 07:05 AM
-- Server version: 5.5.45-cll-lve
-- PHP Version: 5.4.31

SET SQL_MODE = "NO_AUTO_VALUE_ON_ZERO";
SET time_zone = "+00:00";


/*!40101 SET @OLD_CHARACTER_SET_CLIENT=@@CHARACTER_SET_CLIENT */;
/*!40101 SET @OLD_CHARACTER_SET_RESULTS=@@CHARACTER_SET_RESULTS */;
/*!40101 SET @OLD_COLLATION_CONNECTION=@@COLLATION_CONNECTION */;
/*!40101 SET NAMES utf8 */;

--
-- Database: `db_floorplanner`
--

-- --------------------------------------------------------

--
-- Table structure for table `email_templates`
--

CREATE TABLE IF NOT EXISTS `email_templates` (
  `id` int(11) NOT NULL AUTO_INCREMENT,
  `tpltype` varchar(255) NOT NULL,
  `description` varchar(255) NOT NULL,
  `mailtype` varchar(255) NOT NULL,
  `subject` varchar(255) NOT NULL,
  `mailfrom` varchar(255) NOT NULL,
  `mailfromname` varchar(255) NOT NULL,
  `messagebody` text NOT NULL,
  PRIMARY KEY (`id`)
) ENGINE=MyISAM  DEFAULT CHARSET=latin1 AUTO_INCREMENT=23 ;

--
-- Dumping data for table `email_templates`
--

INSERT INTO `email_templates` (`id`, `tpltype`, `description`, `mailtype`, `subject`, `mailfrom`, `mailfromname`, `messagebody`) VALUES
(4, 'REGISTRATIONMAILTOUSER', 'Mail send to user when they register', 'User', 'Welcome to Coredigita', 'admin@coredigita.com', 'Coredigita', 'CjxtZXRhIGNvbnRlbnQ9InRleHQvaHRtbDsgY2hhcnNldD11dGYtOCIgaHR0cC1lcXVpdj0iQ29udGVudC1UeXBlIj48bWV0YSBjb250ZW50PSJ3aWR0aD1kZXZpY2Utd2lkdGgsIGluaXRpYWwtc2NhbGU9MSIgbmFtZT0idmlld3BvcnQiPjx0aXRsZT5DYXJlZGl0Lm5vPC90aXRsZT48c3R5bGUgdHlwZT0idGV4dC9jc3MiPgogICAgQGltcG9ydCB1cmwoaHR0cDovL2ZvbnRzLmdvb2dsZWFwaXMuY29tL2Nzcz9mYW1pbHk9TGF0bzo0MDApOwoKICAgIC8qIFRha2UgY2FyZSBvZiBpbWFnZSBib3JkZXJzIGFuZCBmb3JtYXR0aW5nICovCgogICAgaW1nIHsKICAgICAgbWF4LXdpZHRoOiA2MDBweDsKICAgICAgb3V0bGluZTogbm9uZTsKICAgICAgdGV4dC1kZWNvcmF0aW9uOiBub25lOwogICAgICAtbXMtaW50ZXJwb2xhdGlvbi1tb2RlOiBiaWN1YmljOwogICAgfQoKICAgIGEgewogICAgICB0ZXh0LWRlY29yYXRpb246IG5vbmU7CiAgICAgIGJvcmRlcjogMDsKICAgICAgb3V0bGluZTogbm9uZTsKICAgICAgY29sb3I6ICMyMUJFQjQ7CiAgICB9CgogICAgYSBpbWcgewogICAgICBib3JkZXI6IG5vbmU7CiAgICB9CgogICAgLyogR2VuZXJhbCBzdHlsaW5nICovCgogICAgdGQsIGgxLCBoMiwgaDMgIHsKICAgICAgZm9udC1mYW1pbHk6IEhlbHZldGljYSwgQXJpYWwsIHNhbnMtc2VyaWY7CiAgICAgIGZvbnQtd2VpZ2h0OiA0MDA7CiAgICB9CgogICAgYm9keSB7CiAgICAgIC13ZWJraXQtZm9udC1zbW9vdGhpbmc6YW50aWFsaWFzZWQ7CiAgICAgIC13ZWJraXQtdGV4dC1zaXplLWFkanVzdDpub25lOwogICAgICB3aWR0aDogMTAwJTsKICAgICAgaGVpZ2h0OiAxMDAlOwogICAgICBjb2xvcjogIzM3MzAyZDsKICAgICAgYmFja2dyb3VuZDogI2ZmZmZmZjsKICAgIH0KCiAgICB0YWJsZSB7CiAgICAgIGJhY2tncm91bmQ6CiAgICB9CgogICAgaDEsIGgyLCBoMyB7CiAgICAgIHBhZGRpbmc6IDA7CiAgICAgIG1hcmdpbjogMDsKICAgICAgY29sb3I6ICNmZmZmZmY7CiAgICAgIGZvbnQtd2VpZ2h0OiA0MDA7CiAgICB9CgogICAgaDMgewogICAgICBjb2xvcjogIzIxYzViYTsKICAgICAgZm9udC1zaXplOiAyNHB4OwogICAgfQogIDwvc3R5bGU+PHN0eWxlIG1lZGlhPSJzY3JlZW4iIHR5cGU9InRleHQvY3NzIj4KICAgIEBtZWRpYSBzY3JlZW4gewogICAgICAgLyogVGhhbmtzIE91dGxvb2sgMjAxMyEgaHR0cDovL2dvby5nbC9YTHhweWwqLwogICAgICB0ZCwgaDEsIGgyLCBoMyB7CiAgICAgICAgZm9udC1mYW1pbHk6ICdMYXRvJywgJ0hlbHZldGljYSBOZXVlJywgJ0FyaWFsJywgJ3NhbnMtc2VyaWYnICFpbXBvcnRhbnQ7CiAgICAgIH0KICAgIH0KICA8L3N0eWxlPjxzdHlsZSBtZWRpYT0ib25seSBzY3JlZW4gYW5kIChtYXgtd2lkdGg6IDQ4MHB4KSIgdHlwZT0idGV4dC9jc3MiPgogICAgLyogTW9iaWxlIHN0eWxlcyAqLwogICAgQG1lZGlhIG9ubHkgc2NyZWVuIGFuZCAobWF4LXdpZHRoOiA0ODBweCkgewogICAgICB0YWJsZVtjbGFzcz0idzMyMCJdIHsKICAgICAgICB3aWR0aDogMzIwcHggIWltcG9ydGFudDsKICAgICAgfQoKICAgICAgdGFibGVbY2xhc3M9InczMDAiXSB7CiAgICAgICAgd2lkdGg6IDMwMHB4ICFpbXBvcnRhbnQ7CiAgICAgIH0KCiAgICAgIHRhYmxlW2NsYXNzPSJ3MjkwIl0gewogICAgICAgIHdpZHRoOiAyOTBweCAhaW1wb3J0YW50OwogICAgICB9CgogICAgICB0ZFtjbGFzcz0idzMyMCJdIHsKICAgICAgICB3aWR0aDogMzIwcHggIWltcG9ydGFudDsKICAgICAgfQoKICAgICAgdGRbY2xhc3M9Im1vYmlsZS1jZW50ZXIiXSB7CiAgICAgICAgdGV4dC1hbGlnbjogY2VudGVyICFpbXBvcnRhbnQ7CiAgICAgIH0KCiAgICAgIHRkW2NsYXNzPSJtb2JpbGUtcGFkZGluZyJdIHsKICAgICAgICBwYWRkaW5nLWxlZnQ6IDIwcHggIWltcG9ydGFudDsKICAgICAgICBwYWRkaW5nLXJpZ2h0OiAyMHB4ICFpbXBvcnRhbnQ7CiAgICAgICAgcGFkZGluZy1ib3R0b206IDIwcHggIWltcG9ydGFudDsKICAgICAgfQogICAgfQogIDwvc3R5bGU+Cjx0YWJsZSBzdHlsZT0iYmFja2dyb3VuZDoiIGFsaWduPSJjZW50ZXIiIGNlbGxwYWRkaW5nPSIwIiBjZWxsc3BhY2luZz0iMCIgaGVpZ2h0PSIxMDAlIiB3aWR0aD0iMTAwJSI+PHRib2R5Pjx0cj48dGQgc3R5bGU9ImZvbnQtZmFtaWx5OkhlbHZldGljYSwgQXJpYWwsIHNhbnMtc2VyaWY7IGZvbnQtd2VpZ2h0OjQwMCIgYWxpZ249ImNlbnRlciIgYmdjb2xvcj0iI2ZmZmZmZiIgdmFsaWduPSJ0b3AiIHdpZHRoPSIxMDAlIj4KPHRhYmxlIHN0eWxlPSJiYWNrZ3JvdW5kOiIgY2VsbHBhZGRpbmc9IjAiIGNlbGxzcGFjaW5nPSIwIiB3aWR0aD0iMTAwJSI+PHRib2R5Pjx0cj48dGQgc3R5bGU9ImZvbnQtZmFtaWx5OkhlbHZldGljYSwgQXJpYWwsIHNhbnMtc2VyaWY7IGZvbnQtd2VpZ2h0OjQwMDsgYm9yZGVyLWJvdHRvbTozcHggc29saWQgIzNiY2RjMyIgd2lkdGg9IjEwMCUiPgo8Y2VudGVyPgo8dGFibGUgY2xhc3M9InczMjAiIHN0eWxlPSJiYWNrZ3JvdW5kOiIgY2VsbHBhZGRpbmc9IjAiIGNlbGxzcGFjaW5nPSIwIiB3aWR0aD0iNTAwIj48dGJvZHk+PHRyPjx0ZCBjbGFzcz0ibW9iaWxlLWNlbnRlciIgc3R5bGU9ImZvbnQtZmFtaWx5OkhlbHZldGljYSwgQXJpYWwsIHNhbnMtc2VyaWY7IGZvbnQtd2VpZ2h0OjQwMDsgcGFkZGluZzoxMHB4IDA7IHRleHQtYWxpZ246bGVmdCIgYWxpZ249ImxlZnQiIHZhbGlnbj0idG9wIj4KPGltZyBzcmM9Imh0dHA6Ly9jb3JlZGlnaXRhLmNvbS9pbWFnZXMvbG9nby5wbmciIGFsdD0iQ29yZWRpZ2l0YSI+PC90ZD4KPC90cj48L3Rib2R5PjwvdGFibGU+PC9jZW50ZXI+CjwvdGQ+CjwvdHI+PHRyPjx0ZCBzdHlsZT0iZm9udC1mYW1pbHk6SGVsdmV0aWNhLCBBcmlhbCwgc2Fucy1zZXJpZjsgZm9udC13ZWlnaHQ6NDAwOyBiYWNrZ3JvdW5kOnVybChodHRwOi8vY2FyZWRpdC5uby9hZG1pbi9pbWFnZXMvYmczM18wMy5qcGcpIG5vLXJlcGVhdCBjZW50ZXI7IGJhY2tncm91bmQtY29sb3I6IzY0NTk0YjsgYmFja2dyb3VuZC1wb3NpdGlvbjpjZW50ZXIiIGJhY2tncm91bmQ9ImxvY2FsaG9zdC9mbG9vcnBsYW5uZXIvbG9nby9pbWcvYmczM18wMy5qcGciIGJnY29sb3I9IiM2NDU5NGIiIHZhbGlnbj0idG9wIj4KPCEtLVtpZiBndGUgbXNvIDldPgogICAgICAgICAgPHY6cmVjdCB4bWxuczp2PSJ1bjpzY2hlbWFzLW1pY3Jvc29mdC1jb206dm1sIiBmaWxsPSJ0cnVlIiBzdHJva2U9ImZhbHNlIiBzdHlsZT0ibXNvLXdpZHRoLXBlcmNlbnQ6MTAwMDtoZWlnaHQ6MzAzcHg7Ij4KICAgICAgICAgICAgPHY6ZmlsbCB0eXBlPSJ0aWxlIiBzcmM9Imh0dHA6Ly9jYXJlZGl0Lm5vL2FkbWluL2ltYWdlcy9iZzMzXzAzLmpwZyIgY29sb3I9IiM2NDU5NGIiID48L3Y6ZmlsbD4KICAgICAgICAgICAgPHY6dGV4dGJveCBpbnNldD0iMCwwLDAsMCI+CiAgICAgICAgICA8IVtlbmRpZl0tLT4KPGRpdj4KPGNlbnRlcj4KPHRhYmxlIGNsYXNzPSJ3MzIwIiBzdHlsZT0iYmFja2dyb3VuZDoiIGNlbGxwYWRkaW5nPSIwIiBjZWxsc3BhY2luZz0iMCIgaGVpZ2h0PSIzMDMiIHdpZHRoPSI1MzAiPjx0Ym9keT48dHI+PHRkIGNsYXNzPSJtb2JpbGUtY2VudGVyIiBzdHlsZT0iZm9udC1mYW1pbHk6SGVsdmV0aWNhLCBBcmlhbCwgc2Fucy1zZXJpZjsgZm9udC13ZWlnaHQ6NDAwOyB2ZXJ0aWNhbC1hbGlnbjptaWRkbGU7IHBhZGRpbmctcmlnaHQ6MTVweDsgcGFkZGluZy1sZWZ0OjE1cHg7IHRleHQtYWxpZ246bGVmdCIgYWxpZ249ImxlZnQiIGhlaWdodD0iMzAzIiB2YWxpZ249Im1pZGRsZSI+CjxoMSBzdHlsZT0iZm9udC1mYW1pbHk6SGVsdmV0aWNhLCBBcmlhbCwgc2Fucy1zZXJpZjsgcGFkZGluZzowOyBtYXJnaW46MDsgY29sb3I6I2ZmZmZmZjsgZm9udC13ZWlnaHQ6NDAwIj5XZWxjb21lIHRvIENvcmVkaWdpdGEhPC9oMT4KPGgyIHN0eWxlPSJmb250LWZhbWlseTpIZWx2ZXRpY2EsIEFyaWFsLCBzYW5zLXNlcmlmOyBwYWRkaW5nOjA7IG1hcmdpbjowOyBjb2xvcjojZmZmZmZmOyBmb250LXdlaWdodDo0MDAiPldlJ3JlIGhhcHB5IHlvdSdyZSBoZXJlLjwvaDI+CjwvdGQ+CjwvdHI+PC90Ym9keT48L3RhYmxlPjwvY2VudGVyPgo8L2Rpdj4KPCEtLVtpZiBndGUgbXNvIDldPgogICAgICAgICAgICA8L3Y6dGV4dGJveD4KICAgICAgICAgIDwvdjpyZWN0PgogICAgICAgICAgPCFbZW5kaWZdLS0+CjwvdGQ+CjwvdHI+PHRyPjx0ZCBzdHlsZT0iZm9udC1mYW1pbHk6SGVsdmV0aWNhLCBBcmlhbCwgc2Fucy1zZXJpZjsgZm9udC13ZWlnaHQ6NDAwIiB2YWxpZ249InRvcCI+CjxjZW50ZXI+Cjx0YWJsZSBjbGFzcz0idzMyMCIgc3R5bGU9ImJhY2tncm91bmQ6IiBjZWxscGFkZGluZz0iMCIgY2VsbHNwYWNpbmc9IjAiIHdpZHRoPSI1MDAiPjx0Ym9keT48dHI+PHRkIHN0eWxlPSJmb250LWZhbWlseTpIZWx2ZXRpY2EsIEFyaWFsLCBzYW5zLXNlcmlmOyBmb250LXdlaWdodDo0MDAiPgo8dGFibGUgc3R5bGU9ImJhY2tncm91bmQ6IiBjZWxscGFkZGluZz0iMCIgY2VsbHNwYWNpbmc9IjAiIHdpZHRoPSIxMDAlIj48dGJvZHk+PHRyPjx0ZCBjbGFzcz0ibW9iaWxlLXBhZGRpbmciIHN0eWxlPSJmb250LWZhbWlseTpIZWx2ZXRpY2EsIEFyaWFsLCBzYW5zLXNlcmlmOyBmb250LXdlaWdodDo0MDA7IHRleHQtYWxpZ246bGVmdCIgYWxpZ249ImxlZnQiPgo8YnI+PGJyPgogICAgICAgICAgICAgICAgICAgICAgICBIaSBfX0ZVTExOQU1FX18sPGJyPjxicj4KICAgICAgICAgICAgICAgICAgICAgICAgVGhhbmsgeW91IGZvciB5b3VyIG9ubGluZSByZWdpc3RyYXRpb24uPGJyPgogICAgICAgICAgICAgICAgICAgICAgICBZb3VyIGxvZ2luIGRldGFpbHMgYXJlIGFzIGZvbGxvd3M6PGJyPjxicj4KICAgICAgICAgICAgICAgICAgICAgICAgRW1haWw6IF9fVVNFUkVNQUlMX188YnI+CiAgICAgICAgICAgICAgICAgICAgICAgIFBhc3N3b3JkOiBfX1BBU1NXT1JEX188YnI+PGJyPgogICAgICAgICAgICAgICAgICAgICAgICBJTVBPUlRBTlQ6IFlPVSBNVVNUIENPTkZJUk0gWU9VUiBFTUFJTCBUTyBBQ0NFU1MgWU9VUiBQUk9GSUxFPGJyPgogICAgICAgICAgICAgICAgICAgICAgICBQbGVhc2UgY2xpY2sgb24gdGhlIGxpbmsgYmVsb3cgdG8gYWN0aXZhdGUgeW91ciBhY2NvdW50LgogICAgICAgICAgICAgICAgICAgICAgPC90ZD4KPC90cj4KPC90Ym9keT48L3RhYmxlPjwvdGQ+CjwvdHI+PHRyPjx0ZCBjbGFzcz0ibW9iaWxlLXBhZGRpbmciIHN0eWxlPSJmb250LWZhbWlseTpIZWx2ZXRpY2EsIEFyaWFsLCBzYW5zLXNlcmlmOyBmb250LXdlaWdodDo0MDAiPgo8YnI+PGJyPjx0YWJsZSBzdHlsZT0iYmFja2dyb3VuZDoiIGNlbGxwYWRkaW5nPSIwIiBjZWxsc3BhY2luZz0iMCIgd2lkdGg9IjEwMCUiPjx0Ym9keT48dHI+PHRkIHN0eWxlPSJmb250LWZhbWlseTpIZWx2ZXRpY2EsIEFyaWFsLCBzYW5zLXNlcmlmOyBmb250LXdlaWdodDo0MDA7IHdpZHRoOjIwMHB4OyBiYWNrZ3JvdW5kLWNvbG9yOiMzYmNkYzMiIGJnY29sb3I9IiMzYmNkYzMiIHdpZHRoPSIyMDAiPgo8ZGl2PjwhLS1baWYgbXNvXT4KICAgICAgICAgICAgICAgICAgICAgICAgICAgIDx2OnJvdW5kcmVjdCB4bWxuczp2PSJ1bjpzY2hlbWFzLW1pY3Jvc29mdC1jb206dm1sIiB4bWxuczp3PSJ1bjpzY2hlbWFzLW1pY3Jvc29mdC1jb206b2ZmaWNlOndvcmQiIGhyZWY9IiMiIHN0eWxlPSJoZWlnaHQ6MzNweDt2LXRleHQtYW5jaG9yOm1pZGRsZTt3aWR0aDoyMDBweDsiIGFyY3NpemU9IjglIiBzdHJva2U9ImYiIGZpbGxjb2xvcj0iIzNiY2RjMyI+CiAgICAgICAgICAgICAgICAgICAgICAgICAgICAgIDx3OmFuY2hvcmxvY2s+PC93OmFuY2hvcmxvY2s+CiAgICAgICAgICAgICAgICAgICAgICAgICAgICAgIDxjZW50ZXIgc3R5bGU9ImNvbG9yOiNmZmZmZmY7Zm9udC1mYW1pbHk6c2Fucy1zZXJpZjtmb250LXNpemU6MTNweDsiPl9fQUNUSVZBVElPTkxJTktfXzwvY2VudGVyPgogICAgICAgICAgICAgICAgICAgICAgICAgICAgPC92OnJvdW5kcmVjdD4KICAgICAgICAgICAgICAgICAgICAgICAgICA8IVtlbmRpZl0tLT4KPCEtLVtpZiAhbXNvXT48IS0tIC0tPjxhIGhyZWY9IiMiIHN0eWxlPSJ0ZXh0LWRlY29yYXRpb246bm9uZTsgYm9yZGVyOjA7IG91dGxpbmU6bm9uZTsgY29sb3I6IzIxQkVCNCI+PC9hPjx0YWJsZSBzdHlsZT0iYmFja2dyb3VuZDoiIGNlbGxwYWRkaW5nPSIwIiBjZWxsc3BhY2luZz0iMCIgd2lkdGg9IjEwMCUiPjx0Ym9keT48dHI+PHRkIHN0eWxlPSJiYWNrZ3JvdW5kLWNvbG9yOiMzYmNkYzM7IGJvcmRlci1yYWRpdXM6MHB4OyBjb2xvcjojZmZmZmZmOyBkaXNwbGF5OmlubGluZS1ibG9jazsgZm9udC1mYW1pbHk6J0xhdG8nLCBIZWx2ZXRpY2EsIEFyaWFsLCBzYW5zLXNlcmlmOyBmb250LXdlaWdodDpib2xkOyBmb250LXNpemU6MTNweDsgbGluZS1oZWlnaHQ6MzNweDsgdGV4dC1hbGlnbjpjZW50ZXI7IHRleHQtZGVjb3JhdGlvbjpub25lOyB3aWR0aDoyMDBweDsgLXdlYmtpdC10ZXh0LXNpemUtYWRqdXN0Om5vbmU7IG1zby1oaWRlOmFsbCIgYWxpZ249ImNlbnRlciIgYmdjb2xvcj0iIzNiY2RjMyIgd2lkdGg9IjIwMCI+PGEgaHJlZj0iX19BQ1RJVkFUSU9OTElOS19fIiBzdHlsZT0idGV4dC1kZWNvcmF0aW9uOm5vbmU7Ij48c3BhbiBzdHlsZT0iY29sb3I6I2ZmZmZmZiI+QWN0aXZhdGUgTm93ITwvc3Bhbj48L2E+PC90ZD48L3RyPjwvdGJvZHk+PC90YWJsZT48IS0tPCFbZW5kaWZdLS0+PC9kaXY+CjwvdGQ+Cjx0ZCBzdHlsZT0iZm9udC1mYW1pbHk6SGVsdmV0aWNhLCBBcmlhbCwgc2Fucy1zZXJpZjsgZm9udC13ZWlnaHQ6NDAwIj4KICAgICAgICAgICAgICAgICAgICAgICAgIAogICAgICAgICAgICAgICAgICAgICAgPC90ZD4KPC90cj48L3Rib2R5PjwvdGFibGU+PGJyPiAKICAgICAgICAgICAgICAgICAgPGJyPjwvdGQ+CjwvdHI+PC90Ym9keT48L3RhYmxlPjwvY2VudGVyPgo8L3RkPgo8L3RyPjx0cj48dGQgc3R5bGU9ImZvbnQtZmFtaWx5OkhlbHZldGljYSwgQXJpYWwsIHNhbnMtc2VyaWY7IGZvbnQtd2VpZ2h0OjQwMDsgYmFja2dyb3VuZC1jb2xvcjojYzJjMmMyIiBiZ2NvbG9yPSIjYzJjMmMyIj4KPGNlbnRlcj4KPHRhYmxlIGNsYXNzPSJ3MzIwIiBzdHlsZT0iYmFja2dyb3VuZDoiIGNlbGxwYWRkaW5nPSIwIiBjZWxsc3BhY2luZz0iMCIgd2lkdGg9IjUwMCI+Cgo8dGJvZHk+PHRyPjx0ZCBzdHlsZT0iZm9udC1mYW1pbHk6SGVsdmV0aWNhLCBBcmlhbCwgc2Fucy1zZXJpZjsgZm9udC13ZWlnaHQ6NDAwIj4KPHRhYmxlIHN0eWxlPSJiYWNrZ3JvdW5kOiIgY2VsbHBhZGRpbmc9IjMwIiBjZWxsc3BhY2luZz0iMCIgd2lkdGg9IjEwMCUiPjx0Ym9keT48dHI+PHRkIHN0eWxlPSJmb250LWZhbWlseTpIZWx2ZXRpY2EsIEFyaWFsLCBzYW5zLXNlcmlmOyBmb250LXdlaWdodDo0MDA7IHRleHQtYWxpZ246Y2VudGVyIiBhbGlnbj0iY2VudGVyIj4KPC90ZD4KPC90cj48L3Rib2R5PjwvdGFibGU+PC90ZD4KPC90cj4KCjx0cj48dGQgc3R5bGU9ImZvbnQtZmFtaWx5OkhlbHZldGljYSwgQXJpYWwsIHNhbnMtc2VyaWY7IGZvbnQtd2VpZ2h0OjQwMCI+CjxjZW50ZXI+Cjx0YWJsZSBzdHlsZT0iYmFja2dyb3VuZDo7IG1hcmdpbjowIGF1dG8iIGNlbGxwYWRkaW5nPSI1IiBjZWxsc3BhY2luZz0iMCIgd2lkdGg9IjEwMCUiPjx0Ym9keT48dHI+PHRkIHN0eWxlPSJmb250LWZhbWlseTpIZWx2ZXRpY2EsIEFyaWFsLCBzYW5zLXNlcmlmOyBmb250LXdlaWdodDo0MDA7IHRleHQtYWxpZ246Y2VudGVyOyBtYXJnaW46MCBhdXRvIiBhbGlnbj0iY2VudGVyIiB3aWR0aD0iMTAwJSI+CjxhIGFsaWduPSJjZW50ZXIiIGhyZWY9Imh0dHA6Ly9jYXJlZGl0Lm5vL2FkbWluLyIgc3R5bGU9InRleHQtZGVjb3JhdGlvbjpub25lOyBib3JkZXI6MDsgb3V0bGluZTpub25lOyBjb2xvcjojMjFCRUI0OyB0ZXh0LWFsaWduOmNlbnRlciI+CjxpbWcgYWx0PSJDb3JlZGlnaXRhIiBzcmM9Imh0dHA6Ly9jb3JlZGlnaXRhLmNvbS9pbWFnZXMvbG9nby5wbmciIHN0eWxlPSJib3JkZXI6bm9uZTsgbWFyZ2luOjAgYXV0byIgaGVpZ2h0PSIyNCIgd2lkdGg9IjEyMyI+PC9hPgo8L3RkPgo8L3RyPjwvdGJvZHk+PC90YWJsZT48L2NlbnRlcj4KPC90ZD4KPC90cj48L3Rib2R5PjwvdGFibGU+PC9jZW50ZXI+CjwvdGQ+CjwvdHI+PC90Ym9keT48L3RhYmxlPjwvdGQ+CjwvdHI+PC90Ym9keT48L3RhYmxlPgo='),
(15, 'REGISTRATIONCONFIRMATIONMAILTOADMIN', 'Sending Email to Admin When New User is Added', 'Admin', 'New Client Registered!', 'admin@coredigita.com', 'Coredigita', 'PG1ldGEgY29udGVudD0idGV4dC9odG1sOyBjaGFyc2V0PXV0Zi04IiBodHRwLWVxdWl2PSJDb250ZW50LVR5cGUiPjxtZXRhIGNvbnRlbnQ9IndpZHRoPWRldmljZS13aWR0aCwgaW5pdGlhbC1zY2FsZT0xIiBuYW1lPSJ2aWV3cG9ydCI+PHRpdGxlPkNhcmVkaXQubm88L3RpdGxlPjxzdHlsZSB0eXBlPSJ0ZXh0L2NzcyI+CiAgICBAaW1wb3J0IHVybChodHRwOi8vZm9udHMuZ29vZ2xlYXBpcy5jb20vY3NzP2ZhbWlseT1MYXRvOjQwMCk7CgogICAgLyogVGFrZSBjYXJlIG9mIGltYWdlIGJvcmRlcnMgYW5kIGZvcm1hdHRpbmcgKi8KCiAgICBpbWcgewogICAgICBtYXgtd2lkdGg6IDYwMHB4OwogICAgICBvdXRsaW5lOiBub25lOwogICAgICB0ZXh0LWRlY29yYXRpb246IG5vbmU7CiAgICAgIC1tcy1pbnRlcnBvbGF0aW9uLW1vZGU6IGJpY3ViaWM7CiAgICB9CgogICAgYSB7CiAgICAgIHRleHQtZGVjb3JhdGlvbjogbm9uZTsKICAgICAgYm9yZGVyOiAwOwogICAgICBvdXRsaW5lOiBub25lOwogICAgICBjb2xvcjogIzIxQkVCNDsKICAgIH0KCiAgICBhIGltZyB7CiAgICAgIGJvcmRlcjogbm9uZTsKICAgIH0KCiAgICAvKiBHZW5lcmFsIHN0eWxpbmcgKi8KCiAgICB0ZCwgaDEsIGgyLCBoMyAgewogICAgICBmb250LWZhbWlseTogSGVsdmV0aWNhLCBBcmlhbCwgc2Fucy1zZXJpZjsKICAgICAgZm9udC13ZWlnaHQ6IDQwMDsKICAgIH0KCiAgICBib2R5IHsKICAgICAgLXdlYmtpdC1mb250LXNtb290aGluZzphbnRpYWxpYXNlZDsKICAgICAgLXdlYmtpdC10ZXh0LXNpemUtYWRqdXN0Om5vbmU7CiAgICAgIHdpZHRoOiAxMDAlOwogICAgICBoZWlnaHQ6IDEwMCU7CiAgICAgIGNvbG9yOiAjMzczMDJkOwogICAgICBiYWNrZ3JvdW5kOiAjZmZmZmZmOwogICAgfQoKICAgIHRhYmxlIHsKICAgICAgYmFja2dyb3VuZDoKICAgIH0KCiAgICBoMSwgaDIsIGgzIHsKICAgICAgcGFkZGluZzogMDsKICAgICAgbWFyZ2luOiAwOwogICAgICBjb2xvcjogI2ZmZmZmZjsKICAgICAgZm9udC13ZWlnaHQ6IDQwMDsKICAgIH0KCiAgICBoMyB7CiAgICAgIGNvbG9yOiAjMjFjNWJhOwogICAgICBmb250LXNpemU6IDI0cHg7CiAgICB9CiAgPC9zdHlsZT48c3R5bGUgbWVkaWE9InNjcmVlbiIgdHlwZT0idGV4dC9jc3MiPgogICAgQG1lZGlhIHNjcmVlbiB7CiAgICAgICAvKiBUaGFua3MgT3V0bG9vayAyMDEzISBodHRwOi8vZ29vLmdsL1hMeHB5bCovCiAgICAgIHRkLCBoMSwgaDIsIGgzIHsKICAgICAgICBmb250LWZhbWlseTogJ0xhdG8nLCAnSGVsdmV0aWNhIE5ldWUnLCAnQXJpYWwnLCAnc2Fucy1zZXJpZicgIWltcG9ydGFudDsKICAgICAgfQogICAgfQogIDwvc3R5bGU+PHN0eWxlIG1lZGlhPSJvbmx5IHNjcmVlbiBhbmQgKG1heC13aWR0aDogNDgwcHgpIiB0eXBlPSJ0ZXh0L2NzcyI+CiAgICAvKiBNb2JpbGUgc3R5bGVzICovCiAgICBAbWVkaWEgb25seSBzY3JlZW4gYW5kIChtYXgtd2lkdGg6IDQ4MHB4KSB7CiAgICAgIHRhYmxlW2NsYXNzPSJ3MzIwIl0gewogICAgICAgIHdpZHRoOiAzMjBweCAhaW1wb3J0YW50OwogICAgICB9CgogICAgICB0YWJsZVtjbGFzcz0idzMwMCJdIHsKICAgICAgICB3aWR0aDogMzAwcHggIWltcG9ydGFudDsKICAgICAgfQoKICAgICAgdGFibGVbY2xhc3M9IncyOTAiXSB7CiAgICAgICAgd2lkdGg6IDI5MHB4ICFpbXBvcnRhbnQ7CiAgICAgIH0KCiAgICAgIHRkW2NsYXNzPSJ3MzIwIl0gewogICAgICAgIHdpZHRoOiAzMjBweCAhaW1wb3J0YW50OwogICAgICB9CgogICAgICB0ZFtjbGFzcz0ibW9iaWxlLWNlbnRlciJdIHsKICAgICAgICB0ZXh0LWFsaWduOiBjZW50ZXIgIWltcG9ydGFudDsKICAgICAgfQoKICAgICAgdGRbY2xhc3M9Im1vYmlsZS1wYWRkaW5nIl0gewogICAgICAgIHBhZGRpbmctbGVmdDogMjBweCAhaW1wb3J0YW50OwogICAgICAgIHBhZGRpbmctcmlnaHQ6IDIwcHggIWltcG9ydGFudDsKICAgICAgICBwYWRkaW5nLWJvdHRvbTogMjBweCAhaW1wb3J0YW50OwogICAgICB9CiAgICB9CiAgPC9zdHlsZT4KPHRhYmxlIHN0eWxlPSJiYWNrZ3JvdW5kOiIgYWxpZ249ImNlbnRlciIgY2VsbHBhZGRpbmc9IjAiIGNlbGxzcGFjaW5nPSIwIiBoZWlnaHQ9IjEwMCUiIHdpZHRoPSIxMDAlIj48dGJvZHk+PHRyPjx0ZCBzdHlsZT0iZm9udC1mYW1pbHk6SGVsdmV0aWNhLCBBcmlhbCwgc2Fucy1zZXJpZjsgZm9udC13ZWlnaHQ6NDAwIiBhbGlnbj0iY2VudGVyIiBiZ2NvbG9yPSIjZmZmZmZmIiB2YWxpZ249InRvcCIgd2lkdGg9IjEwMCUiPgo8dGFibGUgc3R5bGU9ImJhY2tncm91bmQ6IiBjZWxscGFkZGluZz0iMCIgY2VsbHNwYWNpbmc9IjAiIHdpZHRoPSIxMDAlIj48dGJvZHk+PHRyPjx0ZCBzdHlsZT0iZm9udC1mYW1pbHk6SGVsdmV0aWNhLCBBcmlhbCwgc2Fucy1zZXJpZjsgZm9udC13ZWlnaHQ6NDAwOyBib3JkZXItYm90dG9tOjNweCBzb2xpZCAjM2JjZGMzIiB3aWR0aD0iMTAwJSI+CjxjZW50ZXI+Cjx0YWJsZSBjbGFzcz0idzMyMCIgc3R5bGU9ImJhY2tncm91bmQ6IiBjZWxscGFkZGluZz0iMCIgY2VsbHNwYWNpbmc9IjAiIHdpZHRoPSI1MDAiPjx0Ym9keT48dHI+PHRkIGNsYXNzPSJtb2JpbGUtY2VudGVyIiBzdHlsZT0iZm9udC1mYW1pbHk6SGVsdmV0aWNhLCBBcmlhbCwgc2Fucy1zZXJpZjsgZm9udC13ZWlnaHQ6NDAwOyBwYWRkaW5nOjEwcHggMDsgdGV4dC1hbGlnbjpsZWZ0IiBhbGlnbj0ibGVmdCIgdmFsaWduPSJ0b3AiPgo8aW1nIHNyYz0iaHR0cDovL2NvcmVkaWdpdGEuY29tL2ltYWdlcy9sb2dvLnBuZyIgYWx0PSJDb3JlZGlnaXRhIj48L3RkPgo8L3RyPjwvdGJvZHk+PC90YWJsZT48L2NlbnRlcj4KPC90ZD4KPC90cj48dHI+PHRkIHN0eWxlPSJmb250LWZhbWlseTpIZWx2ZXRpY2EsIEFyaWFsLCBzYW5zLXNlcmlmOyBmb250LXdlaWdodDo0MDA7IGJhY2tncm91bmQ6dXJsKGh0dHA6Ly9jYXJlZGl0Lm5vL2FkbWluL2ltYWdlcy9iZzMzXzAzLmpwZykgbm8tcmVwZWF0IGNlbnRlcjsgYmFja2dyb3VuZC1jb2xvcjojNjQ1OTRiOyBiYWNrZ3JvdW5kLXBvc2l0aW9uOmNlbnRlciIgYmFja2dyb3VuZD0ibG9jYWxob3N0L2Zsb29ycGxhbm5lci9sb2dvL2ltZy9iZzMzXzAzLmpwZyIgYmdjb2xvcj0iIzY0NTk0YiIgdmFsaWduPSJ0b3AiPgo8IS0tW2lmIGd0ZSBtc28gOV0+CiAgICAgICAgICA8djpyZWN0IHhtbG5zOnY9InVuOnNjaGVtYXMtbWljcm9zb2Z0LWNvbTp2bWwiIGZpbGw9InRydWUiIHN0cm9rZT0iZmFsc2UiIHN0eWxlPSJtc28td2lkdGgtcGVyY2VudDoxMDAwO2hlaWdodDozMDNweDsiPgogICAgICAgICAgICA8djpmaWxsIHR5cGU9InRpbGUiIHNyYz0iaHR0cDovL2NhcmVkaXQubm8vYWRtaW4vaW1hZ2VzL2JnMzNfMDMuanBnIiBjb2xvcj0iIzY0NTk0YiIgPjwvdjpmaWxsPgogICAgICAgICAgICA8djp0ZXh0Ym94IGluc2V0PSIwLDAsMCwwIj4KICAgICAgICAgIDwhW2VuZGlmXS0tPgo8ZGl2Pgo8Y2VudGVyPgo8dGFibGUgY2xhc3M9InczMjAiIHN0eWxlPSJiYWNrZ3JvdW5kOiIgY2VsbHBhZGRpbmc9IjAiIGNlbGxzcGFjaW5nPSIwIiBoZWlnaHQ9IjMwMyIgd2lkdGg9IjUzMCI+PHRib2R5Pjx0cj48dGQgY2xhc3M9Im1vYmlsZS1jZW50ZXIiIHN0eWxlPSJmb250LWZhbWlseTpIZWx2ZXRpY2EsIEFyaWFsLCBzYW5zLXNlcmlmOyBmb250LXdlaWdodDo0MDA7IHZlcnRpY2FsLWFsaWduOm1pZGRsZTsgcGFkZGluZy1yaWdodDoxNXB4OyBwYWRkaW5nLWxlZnQ6MTVweDsgdGV4dC1hbGlnbjpsZWZ0IiBhbGlnbj0ibGVmdCIgaGVpZ2h0PSIzMDMiIHZhbGlnbj0ibWlkZGxlIj4KPGgxIHN0eWxlPSJmb250LWZhbWlseTpIZWx2ZXRpY2EsIEFyaWFsLCBzYW5zLXNlcmlmOyBwYWRkaW5nOjA7IG1hcmdpbjowOyBjb2xvcjojZmZmZmZmOyBmb250LXdlaWdodDo0MDAiPldlbGNvbWUgdG8gQ29yZWRpZ2l0YSE8L2gxPgo8aDIgc3R5bGU9ImZvbnQtZmFtaWx5OkhlbHZldGljYSwgQXJpYWwsIHNhbnMtc2VyaWY7IHBhZGRpbmc6MDsgbWFyZ2luOjA7IGNvbG9yOiNmZmZmZmY7IGZvbnQtd2VpZ2h0OjQwMCI+V2UncmUgaGFwcHkgeW91J3JlIGhlcmUuPC9oMj4KPC90ZD4KPC90cj48L3Rib2R5PjwvdGFibGU+PC9jZW50ZXI+CjwvZGl2Pgo8IS0tW2lmIGd0ZSBtc28gOV0+CiAgICAgICAgICAgIDwvdjp0ZXh0Ym94PgogICAgICAgICAgPC92OnJlY3Q+CiAgICAgICAgICA8IVtlbmRpZl0tLT4KPC90ZD4KPC90cj48dHI+PHRkIHN0eWxlPSJmb250LWZhbWlseTpIZWx2ZXRpY2EsIEFyaWFsLCBzYW5zLXNlcmlmOyBmb250LXdlaWdodDo0MDAiIHZhbGlnbj0idG9wIj4KPGNlbnRlcj4KPHRhYmxlIGNsYXNzPSJ3MzIwIiBzdHlsZT0iYmFja2dyb3VuZDoiIGNlbGxwYWRkaW5nPSIwIiBjZWxsc3BhY2luZz0iMCIgd2lkdGg9IjUwMCI+PHRib2R5Pjx0cj48dGQgc3R5bGU9ImZvbnQtZmFtaWx5OkhlbHZldGljYSwgQXJpYWwsIHNhbnMtc2VyaWY7IGZvbnQtd2VpZ2h0OjQwMCI+Cjx0YWJsZSBzdHlsZT0iYmFja2dyb3VuZDoiIGNlbGxwYWRkaW5nPSIwIiBjZWxsc3BhY2luZz0iMCIgd2lkdGg9IjEwMCUiPjx0Ym9keT48dHI+PHRkIGNsYXNzPSJtb2JpbGUtcGFkZGluZyIgc3R5bGU9ImZvbnQtZmFtaWx5OkhlbHZldGljYSwgQXJpYWwsIHNhbnMtc2VyaWY7IGZvbnQtd2VpZ2h0OjQwMDsgdGV4dC1hbGlnbjpsZWZ0IiBhbGlnbj0ibGVmdCI+Cjxicj48YnI+CiAgICAgICAgICAgICAgICAgICAgICAgIEhpIF9fRlVMTE5BTUVfXyw8YnI+PGJyPgogICAgICAgICAgICAgICAgICAgICAgICBUaGFuayB5b3UgZm9yIHlvdXIgb25saW5lIHJlZ2lzdHJhdGlvbi48YnI+CiAgICAgICAgICAgICAgICAgICAgICAgIFlvdXIgbG9naW4gZGV0YWlscyBhcmUgYXMgZm9sbG93czo8YnI+PGJyPgogICAgICAgICAgICAgICAgICAgICAgICBFbWFpbDogX19VU0VSRU1BSUxfXzxicj4KICAgICAgICAgICAgICAgICAgICAgICAgUGFzc3dvcmQ6IF9fUEFTU1dPUkRfXzxicj48YnI+CiAgICAgICAgICAgICAgICAgICAgICAgIElNUE9SVEFOVDogWU9VIE1VU1QgQ09ORklSTSBZT1VSIEVNQUlMIFRPIEFDQ0VTUyBZT1VSIFBST0ZJTEU8YnI+CiAgICAgICAgICAgICAgICAgICAgICAgIFBsZWFzZSBjbGljayBvbiB0aGUgbGluayBiZWxvdyB0byBhY3RpdmF0ZSB5b3VyIGFjY291bnQuCiAgICAgICAgICAgICAgICAgICAgICA8L3RkPgo8L3RyPgo8L3Rib2R5PjwvdGFibGU+PC90ZD4KPC90cj48dHI+PHRkIGNsYXNzPSJtb2JpbGUtcGFkZGluZyIgc3R5bGU9ImZvbnQtZmFtaWx5OkhlbHZldGljYSwgQXJpYWwsIHNhbnMtc2VyaWY7IGZvbnQtd2VpZ2h0OjQwMCI+Cjxicj48YnI+PHRhYmxlIHN0eWxlPSJiYWNrZ3JvdW5kOiIgY2VsbHBhZGRpbmc9IjAiIGNlbGxzcGFjaW5nPSIwIiB3aWR0aD0iMTAwJSI+PHRib2R5Pjx0cj48dGQgc3R5bGU9ImZvbnQtZmFtaWx5OkhlbHZldGljYSwgQXJpYWwsIHNhbnMtc2VyaWY7IGZvbnQtd2VpZ2h0OjQwMDsgd2lkdGg6MjAwcHg7IGJhY2tncm91bmQtY29sb3I6IzNiY2RjMyIgYmdjb2xvcj0iIzNiY2RjMyIgd2lkdGg9IjIwMCI+CjxkaXY+PCEtLVtpZiBtc29dPgogICAgICAgICAgICAgICAgICAgICAgICAgICAgPHY6cm91bmRyZWN0IHhtbG5zOnY9InVuOnNjaGVtYXMtbWljcm9zb2Z0LWNvbTp2bWwiIHhtbG5zOnc9InVuOnNjaGVtYXMtbWljcm9zb2Z0LWNvbTpvZmZpY2U6d29yZCIgaHJlZj0iIyIgc3R5bGU9ImhlaWdodDozM3B4O3YtdGV4dC1hbmNob3I6bWlkZGxlO3dpZHRoOjIwMHB4OyIgYXJjc2l6ZT0iOCUiIHN0cm9rZT0iZiIgZmlsbGNvbG9yPSIjM2JjZGMzIj4KICAgICAgICAgICAgICAgICAgICAgICAgICAgICAgPHc6YW5jaG9ybG9jaz48L3c6YW5jaG9ybG9jaz4KICAgICAgICAgICAgICAgICAgICAgICAgICAgICAgPGNlbnRlciBzdHlsZT0iY29sb3I6I2ZmZmZmZjtmb250LWZhbWlseTpzYW5zLXNlcmlmO2ZvbnQtc2l6ZToxM3B4OyI+X19BQ1RJVkFUSU9OTElOS19fPC9jZW50ZXI+CiAgICAgICAgICAgICAgICAgICAgICAgICAgICA8L3Y6cm91bmRyZWN0PgogICAgICAgICAgICAgICAgICAgICAgICAgIDwhW2VuZGlmXS0tPgo8IS0tW2lmICFtc29dPjwhLS0gLS0+PGEgaHJlZj0iIyIgc3R5bGU9InRleHQtZGVjb3JhdGlvbjpub25lOyBib3JkZXI6MDsgb3V0bGluZTpub25lOyBjb2xvcjojMjFCRUI0Ij48L2E+PHRhYmxlIHN0eWxlPSJiYWNrZ3JvdW5kOiIgY2VsbHBhZGRpbmc9IjAiIGNlbGxzcGFjaW5nPSIwIiB3aWR0aD0iMTAwJSI+PHRib2R5Pjx0cj48dGQgc3R5bGU9ImJhY2tncm91bmQtY29sb3I6IzNiY2RjMzsgYm9yZGVyLXJhZGl1czowcHg7IGNvbG9yOiNmZmZmZmY7IGRpc3BsYXk6aW5saW5lLWJsb2NrOyBmb250LWZhbWlseTonTGF0bycsIEhlbHZldGljYSwgQXJpYWwsIHNhbnMtc2VyaWY7IGZvbnQtd2VpZ2h0OmJvbGQ7IGZvbnQtc2l6ZToxM3B4OyBsaW5lLWhlaWdodDozM3B4OyB0ZXh0LWFsaWduOmNlbnRlcjsgdGV4dC1kZWNvcmF0aW9uOm5vbmU7IHdpZHRoOjIwMHB4OyAtd2Via2l0LXRleHQtc2l6ZS1hZGp1c3Q6bm9uZTsgbXNvLWhpZGU6YWxsIiBhbGlnbj0iY2VudGVyIiBiZ2NvbG9yPSIjM2JjZGMzIiB3aWR0aD0iMjAwIj48YSBocmVmPSJfX0FDVElWQVRJT05MSU5LX18iIHN0eWxlPSJ0ZXh0LWRlY29yYXRpb246bm9uZTsiPjxzcGFuIHN0eWxlPSJjb2xvcjojZmZmZmZmIj5BY3RpdmF0ZSBOb3chPC9zcGFuPjwvYT48L3RkPjwvdHI+PC90Ym9keT48L3RhYmxlPjwhLS08IVtlbmRpZl0tLT48L2Rpdj4KPC90ZD4KPHRkIHN0eWxlPSJmb250LWZhbWlseTpIZWx2ZXRpY2EsIEFyaWFsLCBzYW5zLXNlcmlmOyBmb250LXdlaWdodDo0MDAiPgogICAgICAgICAgICAgICAgICAgICAgICAgCiAgICAgICAgICAgICAgICAgICAgICA8L3RkPgo8L3RyPjwvdGJvZHk+PC90YWJsZT48YnI+IAogICAgICAgICAgICAgICAgICA8YnI+PC90ZD4KPC90cj48L3Rib2R5PjwvdGFibGU+PC9jZW50ZXI+CjwvdGQ+CjwvdHI+PHRyPjx0ZCBzdHlsZT0iZm9udC1mYW1pbHk6SGVsdmV0aWNhLCBBcmlhbCwgc2Fucy1zZXJpZjsgZm9udC13ZWlnaHQ6NDAwOyBiYWNrZ3JvdW5kLWNvbG9yOiNjMmMyYzIiIGJnY29sb3I9IiNjMmMyYzIiPgo8Y2VudGVyPgo8dGFibGUgY2xhc3M9InczMjAiIHN0eWxlPSJiYWNrZ3JvdW5kOiIgY2VsbHBhZGRpbmc9IjAiIGNlbGxzcGFjaW5nPSIwIiB3aWR0aD0iNTAwIj4KCjx0Ym9keT48dHI+PHRkIHN0eWxlPSJmb250LWZhbWlseTpIZWx2ZXRpY2EsIEFyaWFsLCBzYW5zLXNlcmlmOyBmb250LXdlaWdodDo0MDAiPgo8dGFibGUgc3R5bGU9ImJhY2tncm91bmQ6IiBjZWxscGFkZGluZz0iMzAiIGNlbGxzcGFjaW5nPSIwIiB3aWR0aD0iMTAwJSI+PHRib2R5Pjx0cj48dGQgc3R5bGU9ImZvbnQtZmFtaWx5OkhlbHZldGljYSwgQXJpYWwsIHNhbnMtc2VyaWY7IGZvbnQtd2VpZ2h0OjQwMDsgdGV4dC1hbGlnbjpjZW50ZXIiIGFsaWduPSJjZW50ZXIiPgo8L3RkPgo8L3RyPjwvdGJvZHk+PC90YWJsZT48L3RkPgo8L3RyPgoKPHRyPjx0ZCBzdHlsZT0iZm9udC1mYW1pbHk6SGVsdmV0aWNhLCBBcmlhbCwgc2Fucy1zZXJpZjsgZm9udC13ZWlnaHQ6NDAwIj4KPGNlbnRlcj4KPHRhYmxlIHN0eWxlPSJiYWNrZ3JvdW5kOjsgbWFyZ2luOjAgYXV0byIgY2VsbHBhZGRpbmc9IjUiIGNlbGxzcGFjaW5nPSIwIiB3aWR0aD0iMTAwJSI+PHRib2R5Pjx0cj48dGQgc3R5bGU9ImZvbnQtZmFtaWx5OkhlbHZldGljYSwgQXJpYWwsIHNhbnMtc2VyaWY7IGZvbnQtd2VpZ2h0OjQwMDsgdGV4dC1hbGlnbjpjZW50ZXI7IG1hcmdpbjowIGF1dG8iIGFsaWduPSJjZW50ZXIiIHdpZHRoPSIxMDAlIj4KPGEgYWxpZ249ImNlbnRlciIgaHJlZj0iaHR0cDovL2NhcmVkaXQubm8vYWRtaW4vIiBzdHlsZT0idGV4dC1kZWNvcmF0aW9uOm5vbmU7IGJvcmRlcjowOyBvdXRsaW5lOm5vbmU7IGNvbG9yOiMyMUJFQjQ7IHRleHQtYWxpZ246Y2VudGVyIj4KPGltZyBhbHQ9IkNvcmVkaWdpdGEiIHNyYz0iaHR0cDovL2NvcmVkaWdpdGEuY29tL2ltYWdlcy9sb2dvLnBuZyIgc3R5bGU9ImJvcmRlcjpub25lOyBtYXJnaW46MCBhdXRvIiBoZWlnaHQ9IjI0IiB3aWR0aD0iMTIzIj48L2E+CjwvdGQ+CjwvdHI+PC90Ym9keT48L3RhYmxlPjwvY2VudGVyPgo8L3RkPgo8L3RyPjwvdGJvZHk+PC90YWJsZT48L2NlbnRlcj4KPC90ZD4KPC90cj48L3Rib2R5PjwvdGFibGU+PC90ZD4KPC90cj48L3Rib2R5PjwvdGFibGU+Cg=='),
(16, 'PASSWORDRECOVERY', 'Email for password recovery', 'User', 'Password Recovery Mail From Caredit.no', 'admin@coredigita.com', 'Coredigita', 'CjxtZXRhIGNvbnRlbnQ9InRleHQvaHRtbDsgY2hhcnNldD11dGYtOCIgaHR0cC1lcXVpdj0iQ29udGVudC1UeXBlIj48bWV0YSBjb250ZW50PSJ3aWR0aD1kZXZpY2Utd2lkdGgsIGluaXRpYWwtc2NhbGU9MSIgbmFtZT0idmlld3BvcnQiPjx0aXRsZT5DYXJlZGl0Lm5vPC90aXRsZT48c3R5bGUgdHlwZT0idGV4dC9jc3MiPgogICAgQGltcG9ydCB1cmwoaHR0cDovL2ZvbnRzLmdvb2dsZWFwaXMuY29tL2Nzcz9mYW1pbHk9TGF0bzo0MDApOwoKICAgIC8qIFRha2UgY2FyZSBvZiBpbWFnZSBib3JkZXJzIGFuZCBmb3JtYXR0aW5nICovCgogICAgaW1nIHsKICAgICAgbWF4LXdpZHRoOiA2MDBweDsKICAgICAgb3V0bGluZTogbm9uZTsKICAgICAgdGV4dC1kZWNvcmF0aW9uOiBub25lOwogICAgICAtbXMtaW50ZXJwb2xhdGlvbi1tb2RlOiBiaWN1YmljOwogICAgfQoKICAgIGEgewogICAgICB0ZXh0LWRlY29yYXRpb246IG5vbmU7CiAgICAgIGJvcmRlcjogMDsKICAgICAgb3V0bGluZTogbm9uZTsKICAgICAgY29sb3I6ICMyMUJFQjQ7CiAgICB9CgogICAgYSBpbWcgewogICAgICBib3JkZXI6IG5vbmU7CiAgICB9CgogICAgLyogR2VuZXJhbCBzdHlsaW5nICovCgogICAgdGQsIGgxLCBoMiwgaDMgIHsKICAgICAgZm9udC1mYW1pbHk6IEhlbHZldGljYSwgQXJpYWwsIHNhbnMtc2VyaWY7CiAgICAgIGZvbnQtd2VpZ2h0OiA0MDA7CiAgICB9CgogICAgYm9keSB7CiAgICAgIC13ZWJraXQtZm9udC1zbW9vdGhpbmc6YW50aWFsaWFzZWQ7CiAgICAgIC13ZWJraXQtdGV4dC1zaXplLWFkanVzdDpub25lOwogICAgICB3aWR0aDogMTAwJTsKICAgICAgaGVpZ2h0OiAxMDAlOwogICAgICBjb2xvcjogIzM3MzAyZDsKICAgICAgYmFja2dyb3VuZDogI2ZmZmZmZjsKICAgIH0KCiAgICB0YWJsZSB7CiAgICAgIGJhY2tncm91bmQ6CiAgICB9CgogICAgaDEsIGgyLCBoMyB7CiAgICAgIHBhZGRpbmc6IDA7CiAgICAgIG1hcmdpbjogMDsKICAgICAgY29sb3I6ICNmZmZmZmY7CiAgICAgIGZvbnQtd2VpZ2h0OiA0MDA7CiAgICB9CgogICAgaDMgewogICAgICBjb2xvcjogIzIxYzViYTsKICAgICAgZm9udC1zaXplOiAyNHB4OwogICAgfQogIDwvc3R5bGU+PHN0eWxlIG1lZGlhPSJzY3JlZW4iIHR5cGU9InRleHQvY3NzIj4KICAgIEBtZWRpYSBzY3JlZW4gewogICAgICAgLyogVGhhbmtzIE91dGxvb2sgMjAxMyEgaHR0cDovL2dvby5nbC9YTHhweWwqLwogICAgICB0ZCwgaDEsIGgyLCBoMyB7CiAgICAgICAgZm9udC1mYW1pbHk6ICdMYXRvJywgJ0hlbHZldGljYSBOZXVlJywgJ0FyaWFsJywgJ3NhbnMtc2VyaWYnICFpbXBvcnRhbnQ7CiAgICAgIH0KICAgIH0KICA8L3N0eWxlPjxzdHlsZSBtZWRpYT0ib25seSBzY3JlZW4gYW5kIChtYXgtd2lkdGg6IDQ4MHB4KSIgdHlwZT0idGV4dC9jc3MiPgogICAgLyogTW9iaWxlIHN0eWxlcyAqLwogICAgQG1lZGlhIG9ubHkgc2NyZWVuIGFuZCAobWF4LXdpZHRoOiA0ODBweCkgewogICAgICB0YWJsZVtjbGFzcz0idzMyMCJdIHsKICAgICAgICB3aWR0aDogMzIwcHggIWltcG9ydGFudDsKICAgICAgfQoKICAgICAgdGFibGVbY2xhc3M9InczMDAiXSB7CiAgICAgICAgd2lkdGg6IDMwMHB4ICFpbXBvcnRhbnQ7CiAgICAgIH0KCiAgICAgIHRhYmxlW2NsYXNzPSJ3MjkwIl0gewogICAgICAgIHdpZHRoOiAyOTBweCAhaW1wb3J0YW50OwogICAgICB9CgogICAgICB0ZFtjbGFzcz0idzMyMCJdIHsKICAgICAgICB3aWR0aDogMzIwcHggIWltcG9ydGFudDsKICAgICAgfQoKICAgICAgdGRbY2xhc3M9Im1vYmlsZS1jZW50ZXIiXSB7CiAgICAgICAgdGV4dC1hbGlnbjogY2VudGVyICFpbXBvcnRhbnQ7CiAgICAgIH0KCiAgICAgIHRkW2NsYXNzPSJtb2JpbGUtcGFkZGluZyJdIHsKICAgICAgICBwYWRkaW5nLWxlZnQ6IDIwcHggIWltcG9ydGFudDsKICAgICAgICBwYWRkaW5nLXJpZ2h0OiAyMHB4ICFpbXBvcnRhbnQ7CiAgICAgICAgcGFkZGluZy1ib3R0b206IDIwcHggIWltcG9ydGFudDsKICAgICAgfQogICAgfQogIDwvc3R5bGU+Cjx0YWJsZSBzdHlsZT0iYmFja2dyb3VuZDoiIGFsaWduPSJjZW50ZXIiIGNlbGxwYWRkaW5nPSIwIiBjZWxsc3BhY2luZz0iMCIgaGVpZ2h0PSIxMDAlIiB3aWR0aD0iMTAwJSI+PHRib2R5Pjx0cj48dGQgc3R5bGU9ImZvbnQtZmFtaWx5OkhlbHZldGljYSwgQXJpYWwsIHNhbnMtc2VyaWY7IGZvbnQtd2VpZ2h0OjQwMCIgYWxpZ249ImNlbnRlciIgYmdjb2xvcj0iI2ZmZmZmZiIgdmFsaWduPSJ0b3AiIHdpZHRoPSIxMDAlIj4KPHRhYmxlIHN0eWxlPSJiYWNrZ3JvdW5kOiIgY2VsbHBhZGRpbmc9IjAiIGNlbGxzcGFjaW5nPSIwIiB3aWR0aD0iMTAwJSI+PHRib2R5Pjx0cj48dGQgc3R5bGU9ImZvbnQtZmFtaWx5OkhlbHZldGljYSwgQXJpYWwsIHNhbnMtc2VyaWY7IGZvbnQtd2VpZ2h0OjQwMDsgYm9yZGVyLWJvdHRvbTozcHggc29saWQgIzNiY2RjMyIgd2lkdGg9IjEwMCUiPgo8Y2VudGVyPgo8dGFibGUgY2xhc3M9InczMjAiIHN0eWxlPSJiYWNrZ3JvdW5kOiIgY2VsbHBhZGRpbmc9IjAiIGNlbGxzcGFjaW5nPSIwIiB3aWR0aD0iNTAwIj48dGJvZHk+PHRyPjx0ZCBjbGFzcz0ibW9iaWxlLWNlbnRlciIgc3R5bGU9ImZvbnQtZmFtaWx5OkhlbHZldGljYSwgQXJpYWwsIHNhbnMtc2VyaWY7IGZvbnQtd2VpZ2h0OjQwMDsgcGFkZGluZzoxMHB4IDA7IHRleHQtYWxpZ246bGVmdCIgYWxpZ249ImxlZnQiIHZhbGlnbj0idG9wIj4KPGltZyBzcmM9Imh0dHA6Ly9jYXJlZGl0Lm5vL2FkbWluL2ltZy9sb2dvLnBuZyIgYWx0PSJDYXJlZGl0Lm5vIj48L3RkPgo8L3RyPjwvdGJvZHk+PC90YWJsZT48L2NlbnRlcj4KPC90ZD4KPC90cj48dHI+PHRkIHN0eWxlPSJmb250LWZhbWlseTpIZWx2ZXRpY2EsIEFyaWFsLCBzYW5zLXNlcmlmOyBmb250LXdlaWdodDo0MDA7IGJhY2tncm91bmQ6dXJsKGh0dHA6Ly9jYXJlZGl0Lm5vL2FkbWluL2ltYWdlcy9iZzMzXzAzLmpwZykgbm8tcmVwZWF0IGNlbnRlcjsgYmFja2dyb3VuZC1jb2xvcjojNjQ1OTRiOyBiYWNrZ3JvdW5kLXBvc2l0aW9uOmNlbnRlciIgYmFja2dyb3VuZD0iaHR0cDovL2NhcmVkaXQubm8vYWRtaW4vaW1hZ2VzL2JnMzNfMDMuanBnIiBiZ2NvbG9yPSIjNjQ1OTRiIiB2YWxpZ249InRvcCI+CjwhLS1baWYgZ3RlIG1zbyA5XT4KICAgICAgICAgIDx2OnJlY3QgeG1sbnM6dj0idW46c2NoZW1hcy1taWNyb3NvZnQtY29tOnZtbCIgZmlsbD0idHJ1ZSIgc3Ryb2tlPSJmYWxzZSIgc3R5bGU9Im1zby13aWR0aC1wZXJjZW50OjEwMDA7aGVpZ2h0OjMwM3B4OyI+CiAgICAgICAgICAgIDx2OmZpbGwgdHlwZT0idGlsZSIgc3JjPSJodHRwOi8vY2FyZWRpdC5uby9hZG1pbi9pbWFnZXMvYmczM18wMy5qcGciIGNvbG9yPSIjNjQ1OTRiIiA+PC92OmZpbGw+CiAgICAgICAgICAgIDx2OnRleHRib3ggaW5zZXQ9IjAsMCwwLDAiPgogICAgICAgICAgPCFbZW5kaWZdLS0+CjxkaXY+CjxjZW50ZXI+Cjx0YWJsZSBjbGFzcz0idzMyMCIgc3R5bGU9ImJhY2tncm91bmQ6IiBjZWxscGFkZGluZz0iMCIgY2VsbHNwYWNpbmc9IjAiIGhlaWdodD0iMzAzIiB3aWR0aD0iNTMwIj48dGJvZHk+PHRyPjx0ZCBjbGFzcz0ibW9iaWxlLWNlbnRlciIgc3R5bGU9ImZvbnQtZmFtaWx5OkhlbHZldGljYSwgQXJpYWwsIHNhbnMtc2VyaWY7IGZvbnQtd2VpZ2h0OjQwMDsgdmVydGljYWwtYWxpZ246bWlkZGxlOyBwYWRkaW5nLXJpZ2h0OjE1cHg7IHBhZGRpbmctbGVmdDoxNXB4OyB0ZXh0LWFsaWduOmxlZnQiIGFsaWduPSJsZWZ0IiBoZWlnaHQ9IjMwMyIgdmFsaWduPSJtaWRkbGUiPgo8aDEgc3R5bGU9ImZvbnQtZmFtaWx5OkhlbHZldGljYSwgQXJpYWwsIHNhbnMtc2VyaWY7IHBhZGRpbmc6MDsgbWFyZ2luOjA7IGNvbG9yOiNmZmZmZmY7IGZvbnQtd2VpZ2h0OjQwMCI+UGFzc3dvcmQgUmVjb3ZlcnkhPC9oMT4KPGgyIHN0eWxlPSJmb250LWZhbWlseTpIZWx2ZXRpY2EsIEFyaWFsLCBzYW5zLXNlcmlmOyBwYWRkaW5nOjA7IG1hcmdpbjowOyBjb2xvcjojZmZmZmZmOyBmb250LXdlaWdodDo0MDAiPlBsZWFzZSB2aXNpdCBBY2NvdW50IFNldHRpbmdzIHRvIHVwZGF0ZSB5b3VyIHBhc3N3b3JkIGFuZCBzZWN1cmUgeW91ciBhY2NvdW50LjwvaDI+CjwvdGQ+CjwvdHI+PC90Ym9keT48L3RhYmxlPjwvY2VudGVyPgo8L2Rpdj4KPCEtLVtpZiBndGUgbXNvIDldPgogICAgICAgICAgICA8L3Y6dGV4dGJveD4KICAgICAgICAgIDwvdjpyZWN0PgogICAgICAgICAgPCFbZW5kaWZdLS0+CjwvdGQ+CjwvdHI+PHRyPjx0ZCBzdHlsZT0iZm9udC1mYW1pbHk6SGVsdmV0aWNhLCBBcmlhbCwgc2Fucy1zZXJpZjsgZm9udC13ZWlnaHQ6NDAwIiB2YWxpZ249InRvcCI+CjxjZW50ZXI+Cjx0YWJsZSBjbGFzcz0idzMyMCIgc3R5bGU9ImJhY2tncm91bmQ6IiBjZWxscGFkZGluZz0iMCIgY2VsbHNwYWNpbmc9IjAiIHdpZHRoPSI1MDAiPjx0Ym9keT48dHI+PHRkIHN0eWxlPSJmb250LWZhbWlseTpIZWx2ZXRpY2EsIEFyaWFsLCBzYW5zLXNlcmlmOyBmb250LXdlaWdodDo0MDAiPgo8dGFibGUgc3R5bGU9ImJhY2tncm91bmQ6IiBjZWxscGFkZGluZz0iMCIgY2VsbHNwYWNpbmc9IjAiIHdpZHRoPSIxMDAlIj48dGJvZHk+PHRyPjx0ZCBjbGFzcz0ibW9iaWxlLXBhZGRpbmciIHN0eWxlPSJmb250LWZhbWlseTpIZWx2ZXRpY2EsIEFyaWFsLCBzYW5zLXNlcmlmOyBmb250LXdlaWdodDo0MDA7IHRleHQtYWxpZ246bGVmdCIgYWxpZ249ImxlZnQiPgo8YnI+PGJyPgogICAgICAgICAgICAgICAgICAgICAgICBEZWFyIFVzZXIsPGJyPjxicj4KICAgICAgICAgICAgICAgICAgICAgICAgSGVyZSBhcmUgdGhlIGluZm9ybWF0aW9uIHlvdSByZXF1ZXN0ZWQuPGJyPgogICAgICAgICAgICAgICAgICAgICAgICBEZXRhaWxzIG9mIHlvdXIgbG9naW4gYXMgZm9sbG93czo8YnI+PGJyPgogICAgICAgICAgICAgICAgICAgICAgICBFbWFpbDogX19FTUFJTF9fPGJyPgogICAgICAgICAgICAgICAgICAgICAgICBQYXNzd29yZDogX19QQVNTV09SRF9fPGJyPjxicj4KICAgICAgICAgICAgICAgICAgICAgICAgQ2hlZXJzLDxicj4KICAgICAgICAgICAgICAgICAgICAgICAgQ2FyZWRpdC5ubwogICAgICAgICAgICAgICAgICAgICAgPC90ZD4KPC90cj4KPC90Ym9keT48L3RhYmxlPjwvdGQ+CjwvdHI+PHRyPjx0ZCBjbGFzcz0ibW9iaWxlLXBhZGRpbmciIHN0eWxlPSJmb250LWZhbWlseTpIZWx2ZXRpY2EsIEFyaWFsLCBzYW5zLXNlcmlmOyBmb250LXdlaWdodDo0MDAiPgo8YnI+PGJyPjxicj4gCiAgICAgICAgICAgICAgICAgIDxicj48L3RkPgo8L3RyPjwvdGJvZHk+PC90YWJsZT48L2NlbnRlcj4KPC90ZD4KPC90cj48dHI+PHRkIHN0eWxlPSJmb250LWZhbWlseTpIZWx2ZXRpY2EsIEFyaWFsLCBzYW5zLXNlcmlmOyBmb250LXdlaWdodDo0MDA7IGJhY2tncm91bmQtY29sb3I6I2MyYzJjMiIgYmdjb2xvcj0iI2MyYzJjMiI+CjxjZW50ZXI+Cjx0YWJsZSBjbGFzcz0idzMyMCIgc3R5bGU9ImJhY2tncm91bmQ6IiBjZWxscGFkZGluZz0iMCIgY2VsbHNwYWNpbmc9IjAiIHdpZHRoPSI1MDAiPgoKPHRib2R5Pjx0cj48dGQgc3R5bGU9ImZvbnQtZmFtaWx5OkhlbHZldGljYSwgQXJpYWwsIHNhbnMtc2VyaWY7IGZvbnQtd2VpZ2h0OjQwMCI+Cjx0YWJsZSBzdHlsZT0iYmFja2dyb3VuZDoiIGNlbGxwYWRkaW5nPSIzMCIgY2VsbHNwYWNpbmc9IjAiIHdpZHRoPSIxMDAlIj48dGJvZHk+PHRyPjx0ZCBzdHlsZT0iZm9udC1mYW1pbHk6SGVsdmV0aWNhLCBBcmlhbCwgc2Fucy1zZXJpZjsgZm9udC13ZWlnaHQ6NDAwOyB0ZXh0LWFsaWduOmNlbnRlciIgYWxpZ249ImNlbnRlciI+CjwvdGQ+CjwvdHI+PC90Ym9keT48L3RhYmxlPjwvdGQ+CjwvdHI+Cgo8dHI+PHRkIHN0eWxlPSJmb250LWZhbWlseTpIZWx2ZXRpY2EsIEFyaWFsLCBzYW5zLXNlcmlmOyBmb250LXdlaWdodDo0MDAiPgo8Y2VudGVyPgo8dGFibGUgc3R5bGU9ImJhY2tncm91bmQ6OyBtYXJnaW46MCBhdXRvIiBjZWxscGFkZGluZz0iNSIgY2VsbHNwYWNpbmc9IjAiIHdpZHRoPSIxMDAlIj48dGJvZHk+PHRyPjx0ZCBzdHlsZT0iZm9udC1mYW1pbHk6SGVsdmV0aWNhLCBBcmlhbCwgc2Fucy1zZXJpZjsgZm9udC13ZWlnaHQ6NDAwOyB0ZXh0LWFsaWduOmNlbnRlcjsgbWFyZ2luOjAgYXV0byIgYWxpZ249ImNlbnRlciIgd2lkdGg9IjEwMCUiPgo8YSBhbGlnbj0iY2VudGVyIiBocmVmPSJodHRwOi8vY2FyZWRpdC5uby9hZG1pbi8iIHN0eWxlPSJ0ZXh0LWRlY29yYXRpb246bm9uZTsgYm9yZGVyOjA7IG91dGxpbmU6bm9uZTsgY29sb3I6IzIxQkVCNDsgdGV4dC1hbGlnbjpjZW50ZXIiPgo8aW1nIGFsdD0iQ2FyZWRpdC5ubyIgc3JjPSJodHRwOi8vY2FyZWRpdC5uby9hZG1pbi9pbWcvbG9nby5wbmciIHN0eWxlPSJib3JkZXI6bm9uZTsgbWFyZ2luOjAgYXV0byIgaGVpZ2h0PSIyNCIgd2lkdGg9IjEyMyI+PC9hPgo8L3RkPgo8L3RyPjwvdGJvZHk+PC90YWJsZT48L2NlbnRlcj4KPC90ZD4KPC90cj48L3Rib2R5PjwvdGFibGU+PC9jZW50ZXI+CjwvdGQ+CjwvdHI+PC90Ym9keT48L3RhYmxlPjwvdGQ+CjwvdHI+PC90Ym9keT48L3RhYmxlPgo='),
(19, 'DELIVERCONFIRMATIONTOCLIENT', 'Sending delivery email to client with attachment', 'User', 'Assignment ID# __PROJECTID__ having address: __ADDRESS__ is ready for download!', 'admin@coredigita.com', 'Coredigita', 'PG1ldGEgaHR0cC1lcXVpdj0iQ29udGVudC1UeXBlIiBjb250ZW50PSJ0ZXh0L2h0bWw7IGNoYXJzZXQ9dXRmLTgiPgogIDxtZXRhIG5hbWU9InZpZXdwb3J0IiBjb250ZW50PSJ3aWR0aD1kZXZpY2Utd2lkdGgsIGluaXRpYWwtc2NhbGU9MSI+CiAgPHRpdGxlPkNvcmVkaWdpdGE8L3RpdGxlPgogIDxzdHlsZSB0eXBlPSJ0ZXh0L2NzcyI+CiAgICBAaW1wb3J0IHVybChodHRwOi8vZm9udHMuZ29vZ2xlYXBpcy5jb20vY3NzP2ZhbWlseT1MYXRvOjQwMCk7CgogICAgLyogVGFrZSBjYXJlIG9mIGltYWdlIGJvcmRlcnMgYW5kIGZvcm1hdHRpbmcgKi8KCiAgICBpbWcgewogICAgICBtYXgtd2lkdGg6IDYwMHB4OwogICAgICBvdXRsaW5lOiBub25lOwogICAgICB0ZXh0LWRlY29yYXRpb246IG5vbmU7CiAgICAgIC1tcy1pbnRlcnBvbGF0aW9uLW1vZGU6IGJpY3ViaWM7CiAgICB9CgogICAgYSB7CiAgICAgIHRleHQtZGVjb3JhdGlvbjogbm9uZTsKICAgICAgYm9yZGVyOiAwOwogICAgICBvdXRsaW5lOiBub25lOwogICAgfQoKICAgIGEgaW1nIHsKICAgICAgYm9yZGVyOiBub25lOwogICAgfQoKICAgIC8qIEdlbmVyYWwgc3R5bGluZyAqLwoKICAgIHRkLCBoMSwgaDIsIGgzICB7CiAgICAgIGZvbnQtZmFtaWx5OiBIZWx2ZXRpY2EsIEFyaWFsLCBzYW5zLXNlcmlmOwogICAgICBmb250LXdlaWdodDogNDAwOwogICAgfQoKICAgIGJvZHkgewogICAgICAtd2Via2l0LWZvbnQtc21vb3RoaW5nOmFudGlhbGlhc2VkOwogICAgICAtd2Via2l0LXRleHQtc2l6ZS1hZGp1c3Q6bm9uZTsKICAgICAgd2lkdGg6IDEwMCU7CiAgICAgIGhlaWdodDogMTAwJTsKICAgICAgY29sb3I6ICMzNzMwMmQ7CiAgICAgIGJhY2tncm91bmQ6ICNmZmZmZmY7CiAgICB9CgogICAgIHRhYmxlIHsKICAgICAgYm9yZGVyLWNvbGxhcHNlOiBjb2xsYXBzZSAhaW1wb3J0YW50OwogICAgfQoKCiAgICBoMSwgaDIsIGgzIHsKICAgICAgcGFkZGluZzogMDsKICAgICAgbWFyZ2luOiAwOwogICAgICBjb2xvcjogI2ZmZmZmZjsKICAgICAgZm9udC13ZWlnaHQ6IDQwMDsKICAgIH0KCiAgICBoMyB7CiAgICAgIGNvbG9yOiAjMjFjNWJhOwogICAgICBmb250LXNpemU6IDI0cHg7CiAgICB9CgogICAgLmltcG9ydGFudC1mb250IHsKICAgICAgY29sb3I6ICMyMUJFQjQ7CiAgICAgIGZvbnQtd2VpZ2h0OiBib2xkOwogICAgfQoKICAgIC5oaWRlIHsKICAgICAgZGlzcGxheTogbm9uZSAhaW1wb3J0YW50OwogICAgfQoKICAgIC5mb3JjZS1mdWxsLXdpZHRoIHsKICAgICAgd2lkdGg6IDEwMCUgIWltcG9ydGFudDsKICAgIH0KICA8L3N0eWxlPgoKICA8c3R5bGUgdHlwZT0idGV4dC9jc3MiIG1lZGlhPSJzY3JlZW4iPgogICAgQG1lZGlhIHNjcmVlbiB7CiAgICAgICAvKiBUaGFua3MgT3V0bG9vayAyMDEzISBodHRwOi8vZ29vLmdsL1hMeHB5bCovCiAgICAgIHRkLCBoMSwgaDIsIGgzIHsKICAgICAgICBmb250LWZhbWlseTogJ0xhdG8nLCAnSGVsdmV0aWNhIE5ldWUnLCAnQXJpYWwnLCAnc2Fucy1zZXJpZicgIWltcG9ydGFudDsKICAgICAgfQogICAgfQogIDwvc3R5bGU+CgogIDxzdHlsZSB0eXBlPSJ0ZXh0L2NzcyIgbWVkaWE9Im9ubHkgc2NyZWVuIGFuZCAobWF4LXdpZHRoOiA0ODBweCkiPgogICAgLyogTW9iaWxlIHN0eWxlcyAqLwogICAgQG1lZGlhIG9ubHkgc2NyZWVuIGFuZCAobWF4LXdpZHRoOiA0ODBweCkgewogICAgICB0YWJsZVtjbGFzcz0idzMyMCJdIHsKICAgICAgICB3aWR0aDogMzIwcHggIWltcG9ydGFudDsKICAgICAgfQoKICAgICAgdGFibGVbY2xhc3M9InczMDAiXSB7CiAgICAgICAgd2lkdGg6IDMwMHB4ICFpbXBvcnRhbnQ7CiAgICAgIH0KCiAgICAgIHRhYmxlW2NsYXNzPSJ3MjkwIl0gewogICAgICAgIHdpZHRoOiAyOTBweCAhaW1wb3J0YW50OwogICAgICB9CgogICAgICB0ZFtjbGFzcz0idzMyMCJdIHsKICAgICAgICB3aWR0aDogMzIwcHggIWltcG9ydGFudDsKICAgICAgfQoKICAgICAgdGRbY2xhc3M9Im1vYmlsZS1jZW50ZXIiXSB7CiAgICAgICAgdGV4dC1hbGlnbjogY2VudGVyICFpbXBvcnRhbnQ7CiAgICAgIH0KCiAgICAgIHRkW2NsYXNzPSJtb2JpbGUtcGFkZGluZyJdIHsKICAgICAgICBwYWRkaW5nLWxlZnQ6IDIwcHggIWltcG9ydGFudDsKICAgICAgICBwYWRkaW5nLXJpZ2h0OiAyMHB4ICFpbXBvcnRhbnQ7CiAgICAgICAgcGFkZGluZy1ib3R0b206IDIwcHggIWltcG9ydGFudDsKICAgICAgfQoKICAgICAgdGRbY2xhc3M9Im1vYmlsZS1ibG9jayJdIHsKICAgICAgICBkaXNwbGF5OiBibG9jayAhaW1wb3J0YW50OwogICAgICAgIHdpZHRoOiAxMDAlICFpbXBvcnRhbnQ7CiAgICAgICAgdGV4dC1hbGlnbjogbGVmdCAhaW1wb3J0YW50OwogICAgICAgIHBhZGRpbmctYm90dG9tOiAyMHB4ICFpbXBvcnRhbnQ7CiAgICAgIH0KCiAgICAgIHRkW2NsYXNzPSJtb2JpbGUtYm9yZGVyIl0gewogICAgICAgIGJvcmRlcjogMCAhaW1wb3J0YW50OwogICAgICB9CgogICAgICB0ZFtjbGFzcyo9InJldmVhbCJdIHsKICAgICAgICBkaXNwbGF5OiBibG9jayAhaW1wb3J0YW50OwogICAgICB9CiAgICB9CiAgPC9zdHlsZT4KCgo8dGFibGUgYWxpZ249ImNlbnRlciIgY2VsbHBhZGRpbmc9IjAiIGNlbGxzcGFjaW5nPSIwIiBoZWlnaHQ9IjEwMCUiIHdpZHRoPSIxMDAlIj4KCiAgPHRib2R5Pgo8dHI+CgogICAgPHRkIGFsaWduPSJjZW50ZXIiIGJnY29sb3I9IiNmZmZmZmYiIHZhbGlnbj0idG9wIiB3aWR0aD0iMTAwJSI+CgogICAgPHRhYmxlIGNlbGxwYWRkaW5nPSIwIiBjZWxsc3BhY2luZz0iMCIgd2lkdGg9IjEwMCUiPgoKICAgICAgPHRib2R5Pgo8dHI+CgogICAgICAgIDx0ZCBzdHlsZT0iYm9yZGVyLWJvdHRvbTogM3B4IHNvbGlkICMzYmNkYzM7IiB3aWR0aD0iMTAwJSI+CiAgICAgICAgICA8Y2VudGVyPgogICAgICAgICAgICA8dGFibGUgY2xhc3M9InczMjAiIGNlbGxwYWRkaW5nPSIwIiBjZWxsc3BhY2luZz0iMCIgd2lkdGg9IjUwMCI+CgogICAgICAgICAgICAgIDx0Ym9keT4KPHRyPgoKICAgICAgICAgICAgICAgIDx0ZCBzdHlsZT0icGFkZGluZzoxMHB4IDA7IHRleHQtYWxpZ246bGVmdDsiIGNsYXNzPSJtb2JpbGUtY2VudGVyIiB2YWxpZ249InRvcCI+CiAgICAgICAgICAgICAgICAgIDxpbWcgYWx0PSJDb3JlZGlnaXRhIiBzcmM9Imh0dHA6Ly9jb3JlZGlnaXRhLmNvbS9pbWFnZXMvbG9nby5wbmciIHN0eWxlPSJib3JkZXI6bm9uZTsgbWFyZ2luOjAgYXV0byIgaGVpZ2h0PSI1MCIgd2lkdGg9IjEyMyI+CiAgICAgICAgICAgICAgICA8L3RkPgoKICAgICAgICAgICAgICA8L3RyPgoKICAgICAgICAgICAgPC90Ym9keT4KPC90YWJsZT4KCiAgICAgICAgICA8L2NlbnRlcj4KICAgICAgICA8L3RkPgoKICAgICAgPC90cj4KCiAgICAgIDx0cj4KCiAgICAgICAgPHRkIHN0eWxlPSJiYWNrZ3JvdW5kOiB1cmwoaHR0cDovL2Zsb29ycGxhbm5lci5jb3JlZGlnaXRhLmNvbS9sb2dvL2ltZy9uZXdiZy5qcGcpIG5vLXJlcGVhdCBjZW50ZXI7IGJhY2tncm91bmQtY29sb3I6ICM4YjgyODQ7IGJhY2tncm91bmQtcG9zaXRpb246IGNlbnRlcjsiIGJhY2tncm91bmQ9Imh0dHA6Ly9mbG9vcnBsYW5uZXIuY29yZWRpZ2l0YS5jb20vbG9nby9pbWcvbmV3YmcuanBnIiBiZ2NvbG9yPSIjOGI4Mjg0IiB2YWxpZ249InRvcCI+CiAgICAgICAgICA8IS0tW2lmIGd0ZSBtc28gOV0+CiAgICAgICAgICA8djpyZWN0IHhtbG5zOnY9InVuOnNjaGVtYXMtbWljcm9zb2Z0LWNvbTp2bWwiIGZpbGw9InRydWUiIHN0cm9rZT0iZmFsc2UiIHN0eWxlPSJtc28td2lkdGgtcGVyY2VudDoxMDAwO2hlaWdodDozMDNweDsiPgogICAgICAgICAgICA8djpmaWxsIHR5cGU9InRpbGUiIHNyYz0iaHR0cDovL2Zsb29ycGxhbm5lci5jb3JlZGlnaXRhLmNvbS9sb2dvL2ltZy9uZXdiZy5qcGciIGNvbG9yPSIjOGI4Mjg0IiA+PC92OmZpbGw+CiAgICAgICAgICAgIDx2OnRleHRib3ggaW5zZXQ9IjAsMCwwLDAiPgogICAgICAgICAgPCFbZW5kaWZdLS0+CiAgICAgICAgICA8ZGl2PgogICAgICAgICAgICA8Y2VudGVyPgogICAgICAgICAgICAgIDx0YWJsZSBjbGFzcz0idzMyMCIgY2VsbHBhZGRpbmc9IjAiIGNlbGxzcGFjaW5nPSIwIiBoZWlnaHQ9IjMwMyIgd2lkdGg9IjUzMCI+CgogICAgICAgICAgICAgICAgPHRib2R5Pgo8dHI+CgogICAgICAgICAgICAgICAgICA8dGQgc3R5bGU9InZlcnRpY2FsLWFsaWduOm1pZGRsZTsgcGFkZGluZy1yaWdodDogMTVweDsgcGFkZGluZy1sZWZ0OiAxNXB4OyB0ZXh0LWFsaWduOmxlZnQ7IiBoZWlnaHQ9IjMwMyIgdmFsaWduPSJtaWRkbGUiPgoKICAgICAgICAgICAgICAgICAgICA8dGFibGUgY2VsbHBhZGRpbmc9IjAiIGNlbGxzcGFjaW5nPSIwIiB3aWR0aD0iMTAwJSI+CgogICAgICAgICAgICAgICAgICAgICAgPHRib2R5Pgo8dHI+CgogICAgICAgICAgICAgICAgICAgICAgICA8dGQ+CiAgICAgICAgICAgICAgICAgICAgICAgICAgICAgPGgyPllvdXIgYXNzaWdubWVudCBpcyByZWFkeSBmb3IgZG93bmxvYWQuPC9oMj4KCiAgICAgICAgICAgICAgICAgICAgICAgICAgPGJyPgogICAgICAgICAgICAgICAgICAgICAgICA8L3RkPgoKICAgICAgICAgICAgICAgICAgICAgIDwvdHI+CgogICAgICAgICAgICAgICAgICAgIDwvdGJvZHk+CjwvdGFibGU+CgogICAgICAgICAgICAgICAgICA8L3RkPgoKICAgICAgICAgICAgICAgIDwvdHI+CgogICAgICAgICAgICAgIDwvdGJvZHk+CjwvdGFibGU+CgogICAgICAgICAgICA8L2NlbnRlcj4KICAgICAgICAgIDwvZGl2PgoKICAgICAgICAgIDwhLS1baWYgZ3RlIG1zbyA5XT4KICAgICAgICAgICAgPC92OnRleHRib3g+CiAgICAgICAgICA8L3Y6cmVjdD4KICAgICAgICAgIDwhW2VuZGlmXS0tPgogICAgICAgIDwvdGQ+CgogICAgICA8L3RyPgoKICAgICAgPHRyPgoKICAgICAgICA8dGQgdmFsaWduPSJ0b3AiPgoKICAgICAgICAgIDxjZW50ZXI+CiAgICAgICAgICAgIDx0YWJsZSBjbGFzcz0idzMyMCIgY2VsbHBhZGRpbmc9IjAiIGNlbGxzcGFjaW5nPSIwIiB3aWR0aD0iNTAwIj4KCiAgICAgICAgICAgICAgPHRib2R5Pgo8dHI+CgogICAgICAgICAgICAgICAgPHRkPgogICAgICAgICAgICAgICAgICA8dGFibGUgY2VsbHBhZGRpbmc9IjAiIGNlbGxzcGFjaW5nPSIwIiB3aWR0aD0iMTAwJSI+CgogICAgICAgICAgICAgICAgICAgIDx0Ym9keT4KPHRyPgoKICAgICAgICAgICAgICAgICAgICAgIDx0ZCBjbGFzcz0ibW9iaWxlLXBhZGRpbmciIHN0eWxlPSJ0ZXh0LWFsaWduOmxlZnQ7Ij4KICAgICAgICAgICAgICAgICAgICAgIDxicj4KICAgICAgICAgICAgICAgICAgICAgIERlYXIgVXNlciw8YnI+PGJyPgogICAgICAgICAgICAgICAgICAgICAgQXNzaWdubWVudCBJRCMgX19QUk9KRUNUSURfXyA8YnI+Q29tcGFueTogX19DT01QQU5ZTkFNRV9fIDxicj5BZGRyZXNzOiBfX0FERFJFU1NfXzxicj48YnI+CiAgICAgICAgICAgICAgICAgICAgICBUaGFuayBZb3UsPGJyPgogICAgICAgICAgICAgICAgICAgICAgQ29yZWRpZ2l0YQogICAgICAgICAgICAgICAgICAgICAgPGJyPgogICAgICAgICAgICAgICAgICAgICAgPGJyPgogICAgICAgICAgICAgICAgICAgICAgPGJyPgogICAgICAgICAgICAgICAgICAgICAgPC90ZD4KCiAgICAgICAgICAgICAgICAgICAgPC90cj4KCiAgICAgICAgICAgICAgICAgIDwvdGJvZHk+CjwvdGFibGU+CgogICAgICAgICAgICAgICAgPC90ZD4KCiAgICAgICAgICAgICAgPC90cj4KCiAgICAgICAgICAgIDwvdGJvZHk+CjwvdGFibGU+CgogICAgICAgICAgPC9jZW50ZXI+CiAgICAgICAgPC90ZD4KCiAgICAgIDwvdHI+CgogICAgICA8dHI+CgogICAgICAgIDx0ZCBzdHlsZT0iYmFja2dyb3VuZC1jb2xvcjojYzJjMmMyOyI+CiAgICAgICAgICA8Y2VudGVyPgogICAgICAgICAgICA8dGFibGUgY2xhc3M9InczMjAiIGNlbGxwYWRkaW5nPSIwIiBjZWxsc3BhY2luZz0iMCIgd2lkdGg9IjUwMCI+CgogICAgICAgICAgICAgIDx0Ym9keT4KPHRyPgoKICAgICAgICAgICAgICAgIDx0ZD4KICAgICAgICAgICAgICAgICAgPHRhYmxlIGNlbGxwYWRkaW5nPSIzMCIgY2VsbHNwYWNpbmc9IjAiIHdpZHRoPSIxMDAlIj4KCiAgICAgICAgICAgICAgICAgICAgPHRib2R5Pgo8dHI+CgogICAgICAgICAgICAgICAgICAgICAgPHRkIHN0eWxlPSJ0ZXh0LWFsaWduOmNlbnRlcjsiPgoKICAgICAgICAgICAgICAgICAgICAgIDxicj48L3RkPgoKICAgICAgICAgICAgICAgICAgICA8L3RyPgoKICAgICAgICAgICAgICAgICAgPC90Ym9keT4KPC90YWJsZT4KCiAgICAgICAgICAgICAgICA8L3RkPgoKICAgICAgICAgICAgICA8L3RyPgoKICAgICAgICAgICAgICA8dHI+CgogICAgICAgICAgICAgICAgPHRkPgogICAgICAgICAgICAgICAgICA8Y2VudGVyPgogICAgICAgICAgICAgICAgICAgIDx0YWJsZSBzdHlsZT0ibWFyZ2luOjAgYXV0bzsiIGNlbGxwYWRkaW5nPSI1IiBjZWxsc3BhY2luZz0iMCIgd2lkdGg9IjEwMCUiPgoKICAgICAgICAgICAgICAgICAgICAgIDx0Ym9keT4KPHRyPgoKICAgICAgICAgICAgICAgICAgICAgICAgPHRkIHN0eWxlPSJ0ZXh0LWFsaWduOmNlbnRlcjsgbWFyZ2luOjAgYXV0bzsiIHdpZHRoPSIxMDAlIj4KICAgICAgICAgICAgICAgICAgICAgICAgICAgPGltZyBzcmM9Imh0dHA6Ly9jb3JlZGlnaXRhLmNvbS9pbWFnZXMvbG9nby5wbmciIGFsdD0iQ29yZWRpZ2l0YSI+CiAgICAgICAgICAgICAgICAgICAgICAgIDwvdGQ+CgogICAgICAgICAgICAgICAgICAgICAgPC90cj4KCiAgICAgICAgICAgICAgICAgICAgPC90Ym9keT4KPC90YWJsZT4KCiAgICAgICAgICAgICAgICAgIDwvY2VudGVyPgogICAgICAgICAgICAgICAgPC90ZD4KCiAgICAgICAgICAgICAgPC90cj4KCiAgICAgICAgICAgIDwvdGJvZHk+CjwvdGFibGU+CgogICAgICAgICAgPC9jZW50ZXI+CiAgICAgICAgPC90ZD4KCiAgICAgIDwvdHI+CgogICAgPC90Ym9keT4KPC90YWJsZT4KCiAgICA8L3RkPgoKICA8L3RyPgoKPC90Ym9keT4KPC90YWJsZT4=');
INSERT INTO `email_templates` (`id`, `tpltype`, `description`, `mailtype`, `subject`, `mailfrom`, `mailfromname`, `messagebody`) VALUES
(20, 'RAWBLUEPRINTUPLOADMAIL', 'Sending mail to Admin when new blueprint/project added', 'Admin', 'New Blueprint of Assignment Id# __ASSID__, Address: __PRNAME__ has been added', 'admin@coredigita.com', 'Coredigita', 'PG1ldGEgaHR0cC1lcXVpdj0iQ29udGVudC1UeXBlIiBjb250ZW50PSJ0ZXh0L2h0bWw7IGNoYXJzZXQ9dXRmLTgiPgogIDxtZXRhIG5hbWU9InZpZXdwb3J0IiBjb250ZW50PSJ3aWR0aD1kZXZpY2Utd2lkdGgsIGluaXRpYWwtc2NhbGU9MSI+CiAgPHRpdGxlPkNvcmVkaWdpdGE8L3RpdGxlPgogIDxzdHlsZSB0eXBlPSJ0ZXh0L2NzcyI+CiAgICBAaW1wb3J0IHVybChodHRwOi8vZm9udHMuZ29vZ2xlYXBpcy5jb20vY3NzP2ZhbWlseT1MYXRvOjQwMCk7CgogICAgLyogVGFrZSBjYXJlIG9mIGltYWdlIGJvcmRlcnMgYW5kIGZvcm1hdHRpbmcgKi8KCiAgICBpbWcgewogICAgICBtYXgtd2lkdGg6IDYwMHB4OwogICAgICBvdXRsaW5lOiBub25lOwogICAgICB0ZXh0LWRlY29yYXRpb246IG5vbmU7CiAgICAgIC1tcy1pbnRlcnBvbGF0aW9uLW1vZGU6IGJpY3ViaWM7CiAgICB9CgogICAgYSB7CiAgICAgIHRleHQtZGVjb3JhdGlvbjogbm9uZTsKICAgICAgYm9yZGVyOiAwOwogICAgICBvdXRsaW5lOiBub25lOwogICAgfQoKICAgIGEgaW1nIHsKICAgICAgYm9yZGVyOiBub25lOwogICAgfQoKICAgIC8qIEdlbmVyYWwgc3R5bGluZyAqLwoKICAgIHRkLCBoMSwgaDIsIGgzICB7CiAgICAgIGZvbnQtZmFtaWx5OiBIZWx2ZXRpY2EsIEFyaWFsLCBzYW5zLXNlcmlmOwogICAgICBmb250LXdlaWdodDogNDAwOwogICAgfQoKICAgIGJvZHkgewogICAgICAtd2Via2l0LWZvbnQtc21vb3RoaW5nOmFudGlhbGlhc2VkOwogICAgICAtd2Via2l0LXRleHQtc2l6ZS1hZGp1c3Q6bm9uZTsKICAgICAgd2lkdGg6IDEwMCU7CiAgICAgIGhlaWdodDogMTAwJTsKICAgICAgY29sb3I6ICMzNzMwMmQ7CiAgICAgIGJhY2tncm91bmQ6ICNmZmZmZmY7CiAgICB9CgogICAgIHRhYmxlIHsKICAgICAgYm9yZGVyLWNvbGxhcHNlOiBjb2xsYXBzZSAhaW1wb3J0YW50OwogICAgfQoKCiAgICBoMSwgaDIsIGgzIHsKICAgICAgcGFkZGluZzogMDsKICAgICAgbWFyZ2luOiAwOwogICAgICBjb2xvcjogI2ZmZmZmZjsKICAgICAgZm9udC13ZWlnaHQ6IDQwMDsKICAgIH0KCiAgICBoMyB7CiAgICAgIGNvbG9yOiAjMjFjNWJhOwogICAgICBmb250LXNpemU6IDI0cHg7CiAgICB9CgogICAgLmltcG9ydGFudC1mb250IHsKICAgICAgY29sb3I6ICMyMUJFQjQ7CiAgICAgIGZvbnQtd2VpZ2h0OiBib2xkOwogICAgfQoKICAgIC5oaWRlIHsKICAgICAgZGlzcGxheTogbm9uZSAhaW1wb3J0YW50OwogICAgfQoKICAgIC5mb3JjZS1mdWxsLXdpZHRoIHsKICAgICAgd2lkdGg6IDEwMCUgIWltcG9ydGFudDsKICAgIH0KICA8L3N0eWxlPgoKICA8c3R5bGUgdHlwZT0idGV4dC9jc3MiIG1lZGlhPSJzY3JlZW4iPgogICAgQG1lZGlhIHNjcmVlbiB7CiAgICAgICAvKiBUaGFua3MgT3V0bG9vayAyMDEzISBodHRwOi8vZ29vLmdsL1hMeHB5bCovCiAgICAgIHRkLCBoMSwgaDIsIGgzIHsKICAgICAgICBmb250LWZhbWlseTogJ0xhdG8nLCAnSGVsdmV0aWNhIE5ldWUnLCAnQXJpYWwnLCAnc2Fucy1zZXJpZicgIWltcG9ydGFudDsKICAgICAgfQogICAgfQogIDwvc3R5bGU+CgogIDxzdHlsZSB0eXBlPSJ0ZXh0L2NzcyIgbWVkaWE9Im9ubHkgc2NyZWVuIGFuZCAobWF4LXdpZHRoOiA0ODBweCkiPgogICAgLyogTW9iaWxlIHN0eWxlcyAqLwogICAgQG1lZGlhIG9ubHkgc2NyZWVuIGFuZCAobWF4LXdpZHRoOiA0ODBweCkgewogICAgICB0YWJsZVtjbGFzcz0idzMyMCJdIHsKICAgICAgICB3aWR0aDogMzIwcHggIWltcG9ydGFudDsKICAgICAgfQoKICAgICAgdGFibGVbY2xhc3M9InczMDAiXSB7CiAgICAgICAgd2lkdGg6IDMwMHB4ICFpbXBvcnRhbnQ7CiAgICAgIH0KCiAgICAgIHRhYmxlW2NsYXNzPSJ3MjkwIl0gewogICAgICAgIHdpZHRoOiAyOTBweCAhaW1wb3J0YW50OwogICAgICB9CgogICAgICB0ZFtjbGFzcz0idzMyMCJdIHsKICAgICAgICB3aWR0aDogMzIwcHggIWltcG9ydGFudDsKICAgICAgfQoKICAgICAgdGRbY2xhc3M9Im1vYmlsZS1jZW50ZXIiXSB7CiAgICAgICAgdGV4dC1hbGlnbjogY2VudGVyICFpbXBvcnRhbnQ7CiAgICAgIH0KCiAgICAgIHRkW2NsYXNzPSJtb2JpbGUtcGFkZGluZyJdIHsKICAgICAgICBwYWRkaW5nLWxlZnQ6IDIwcHggIWltcG9ydGFudDsKICAgICAgICBwYWRkaW5nLXJpZ2h0OiAyMHB4ICFpbXBvcnRhbnQ7CiAgICAgICAgcGFkZGluZy1ib3R0b206IDIwcHggIWltcG9ydGFudDsKICAgICAgfQoKICAgICAgdGRbY2xhc3M9Im1vYmlsZS1ibG9jayJdIHsKICAgICAgICBkaXNwbGF5OiBibG9jayAhaW1wb3J0YW50OwogICAgICAgIHdpZHRoOiAxMDAlICFpbXBvcnRhbnQ7CiAgICAgICAgdGV4dC1hbGlnbjogbGVmdCAhaW1wb3J0YW50OwogICAgICAgIHBhZGRpbmctYm90dG9tOiAyMHB4ICFpbXBvcnRhbnQ7CiAgICAgIH0KCiAgICAgIHRkW2NsYXNzPSJtb2JpbGUtYm9yZGVyIl0gewogICAgICAgIGJvcmRlcjogMCAhaW1wb3J0YW50OwogICAgICB9CgogICAgICB0ZFtjbGFzcyo9InJldmVhbCJdIHsKICAgICAgICBkaXNwbGF5OiBibG9jayAhaW1wb3J0YW50OwogICAgICB9CiAgICB9CiAgPC9zdHlsZT4KCgo8dGFibGUgYWxpZ249ImNlbnRlciIgY2VsbHBhZGRpbmc9IjAiIGNlbGxzcGFjaW5nPSIwIiBoZWlnaHQ9IjEwMCUiIHdpZHRoPSIxMDAlIj4KCiAgPHRib2R5Pgo8dHI+CgogICAgPHRkIGFsaWduPSJjZW50ZXIiIGJnY29sb3I9IiNmZmZmZmYiIHZhbGlnbj0idG9wIiB3aWR0aD0iMTAwJSI+CgogICAgPHRhYmxlIGNlbGxwYWRkaW5nPSIwIiBjZWxsc3BhY2luZz0iMCIgd2lkdGg9IjEwMCUiPgoKICAgICAgPHRib2R5Pgo8dHI+CgogICAgICAgIDx0ZCBzdHlsZT0iYm9yZGVyLWJvdHRvbTogM3B4IHNvbGlkICMzYmNkYzM7IiB3aWR0aD0iMTAwJSI+CiAgICAgICAgICA8Y2VudGVyPgogICAgICAgICAgICA8dGFibGUgY2xhc3M9InczMjAiIGNlbGxwYWRkaW5nPSIwIiBjZWxsc3BhY2luZz0iMCIgd2lkdGg9IjUwMCI+CgogICAgICAgICAgICAgIDx0Ym9keT4KPHRyPgoKICAgICAgICAgICAgICAgIDx0ZCBzdHlsZT0icGFkZGluZzoxMHB4IDA7IHRleHQtYWxpZ246bGVmdDsiIGNsYXNzPSJtb2JpbGUtY2VudGVyIiB2YWxpZ249InRvcCI+CiAgICAgICAgICAgICAgICAgIDxpbWcgYWx0PSJDb3JlZGlnaXRhIiBzcmM9Imh0dHA6Ly9jb3JlZGlnaXRhLmNvbS9pbWFnZXMvbG9nby5wbmciIHN0eWxlPSJib3JkZXI6bm9uZTsgbWFyZ2luOjAgYXV0byIgaGVpZ2h0PSI1MCIgd2lkdGg9IjEyMyI+CiAgICAgICAgICAgICAgICA8L3RkPgoKICAgICAgICAgICAgICA8L3RyPgoKICAgICAgICAgICAgPC90Ym9keT4KPC90YWJsZT4KCiAgICAgICAgICA8L2NlbnRlcj4KICAgICAgICA8L3RkPgoKICAgICAgPC90cj4KCiAgICAgIDx0cj4KCiAgICAgICAgPHRkIHN0eWxlPSJiYWNrZ3JvdW5kOiB1cmwoaHR0cDovL2Zsb29ycGxhbm5lci5jb3JlZGlnaXRhLmNvbS9sb2dvL2ltZy9uZXdiZy5qcGcpIG5vLXJlcGVhdCBjZW50ZXI7IGJhY2tncm91bmQtY29sb3I6ICM4YjgyODQ7IGJhY2tncm91bmQtcG9zaXRpb246IGNlbnRlcjsiIGJhY2tncm91bmQ9Imh0dHA6Ly9mbG9vcnBsYW5uZXIuY29yZWRpZ2l0YS5jb20vbG9nby9pbWcvbmV3YmcuanBnIiBiZ2NvbG9yPSIjOGI4Mjg0IiB2YWxpZ249InRvcCI+CiAgICAgICAgICA8IS0tW2lmIGd0ZSBtc28gOV0+CiAgICAgICAgICA8djpyZWN0IHhtbG5zOnY9InVuOnNjaGVtYXMtbWljcm9zb2Z0LWNvbTp2bWwiIGZpbGw9InRydWUiIHN0cm9rZT0iZmFsc2UiIHN0eWxlPSJtc28td2lkdGgtcGVyY2VudDoxMDAwO2hlaWdodDozMDNweDsiPgogICAgICAgICAgICA8djpmaWxsIHR5cGU9InRpbGUiIHNyYz0iaHR0cDovL2Zsb29ycGxhbm5lci5jb3JlZGlnaXRhLmNvbS9sb2dvL2ltZy9uZXdiZy5qcGciIGNvbG9yPSIjOGI4Mjg0IiA+PC92OmZpbGw+CiAgICAgICAgICAgIDx2OnRleHRib3ggaW5zZXQ9IjAsMCwwLDAiPgogICAgICAgICAgPCFbZW5kaWZdLS0+CiAgICAgICAgICA8ZGl2PgogICAgICAgICAgICA8Y2VudGVyPgogICAgICAgICAgICAgIDx0YWJsZSBjbGFzcz0idzMyMCIgY2VsbHBhZGRpbmc9IjAiIGNlbGxzcGFjaW5nPSIwIiBoZWlnaHQ9IjMwMyIgd2lkdGg9IjUzMCI+CgogICAgICAgICAgICAgICAgPHRib2R5Pgo8dHI+CgogICAgICAgICAgICAgICAgICA8dGQgc3R5bGU9InZlcnRpY2FsLWFsaWduOm1pZGRsZTsgcGFkZGluZy1yaWdodDogMTVweDsgcGFkZGluZy1sZWZ0OiAxNXB4OyB0ZXh0LWFsaWduOmxlZnQ7IiBoZWlnaHQ9IjMwMyIgdmFsaWduPSJtaWRkbGUiPgoKICAgICAgICAgICAgICAgICAgICA8dGFibGUgY2VsbHBhZGRpbmc9IjAiIGNlbGxzcGFjaW5nPSIwIiB3aWR0aD0iMTAwJSI+CgogICAgICAgICAgICAgICAgICAgICAgPHRib2R5Pgo8dHI+CgogICAgICAgICAgICAgICAgICAgICAgICA8dGQ+CiAgICAgICAgICAgICAgICAgICAgICAgICAgICAgPGgyPk5ldyBBc3NpZ25tZW50IGhhcyBVcGxvYWRlZC48L2gyPgoKICAgICAgICAgICAgICAgICAgICAgICAgICA8YnI+CiAgICAgICAgICAgICAgICAgICAgICAgIDwvdGQ+CgogICAgICAgICAgICAgICAgICAgICAgPC90cj4KCiAgICAgICAgICAgICAgICAgICAgPC90Ym9keT4KPC90YWJsZT4KCiAgICAgICAgICAgICAgICAgIDwvdGQ+CgogICAgICAgICAgICAgICAgPC90cj4KCiAgICAgICAgICAgICAgPC90Ym9keT4KPC90YWJsZT4KCiAgICAgICAgICAgIDwvY2VudGVyPgogICAgICAgICAgPC9kaXY+CgogICAgICAgICAgPCEtLVtpZiBndGUgbXNvIDldPgogICAgICAgICAgICA8L3Y6dGV4dGJveD4KICAgICAgICAgIDwvdjpyZWN0PgogICAgICAgICAgPCFbZW5kaWZdLS0+CiAgICAgICAgPC90ZD4KCiAgICAgIDwvdHI+CgogICAgICA8dHI+CgogICAgICAgIDx0ZCB2YWxpZ249InRvcCI+CgogICAgICAgICAgPGNlbnRlcj4KICAgICAgICAgICAgPHRhYmxlIGNsYXNzPSJ3MzIwIiBjZWxscGFkZGluZz0iMCIgY2VsbHNwYWNpbmc9IjAiIHdpZHRoPSI1MDAiPgoKICAgICAgICAgICAgICA8dGJvZHk+Cjx0cj4KCiAgICAgICAgICAgICAgICA8dGQ+CiAgICAgICAgICAgICAgICAgIDx0YWJsZSBjZWxscGFkZGluZz0iMCIgY2VsbHNwYWNpbmc9IjAiIHdpZHRoPSIxMDAlIj4KCiAgICAgICAgICAgICAgICAgICAgPHRib2R5Pgo8dHI+CgogICAgICAgICAgICAgICAgICAgICAgPHRkIGNsYXNzPSJtb2JpbGUtcGFkZGluZyIgc3R5bGU9InRleHQtYWxpZ246bGVmdDsiPjxwPgogICAgICAgICAgICAgICAgICAgICAgPGJyPgogICAgICAgICAgICAgICAgICAgICAgRGVhciBBZG1pbiw8YnI+PGJyPgogICAgICAgICAgICAgICAgICAgICAgQXNzaWdubWVudCBJRCMgX19BU1NJRF9fPGJyPkFkZHJlc3M6IF9fUFJOQU1FX18gPGJyPkNvbXBhbnk6IF9fQ09NUEFOWU5BTUVfXyA8YnI+Q2xpZW50OiBfX0NMSUVOVE5BTUVfXyA8YnI+PGJyPgogICAgICAgICAgICAgICAgICAgICAgVGhhbmsgWW91LDxicj4KICAgICAgICAgICAgICAgICAgICAgIENvcmVkaWdpdGEKICAgICAgICAgICAgICAgICAgICAgIDxicj4KICAgICAgICAgICAgICAgICAgICAgIDxicj4KICAgICAgICAgICAgICAgICAgICAgIDxicj4KICAgICAgICAgICAgICAgICAgICAgIDwvcD48L3RkPgoKICAgICAgICAgICAgICAgICAgICA8L3RyPgoKICAgICAgICAgICAgICAgICAgPC90Ym9keT4KPC90YWJsZT4KCiAgICAgICAgICAgICAgICA8L3RkPgoKICAgICAgICAgICAgICA8L3RyPgoKICAgICAgICAgICAgPC90Ym9keT4KPC90YWJsZT4KCiAgICAgICAgICA8L2NlbnRlcj4KICAgICAgICA8L3RkPgoKICAgICAgPC90cj4KCiAgICAgIDx0cj4KCiAgICAgICAgPHRkIHN0eWxlPSJiYWNrZ3JvdW5kLWNvbG9yOiNjMmMyYzI7Ij4KICAgICAgICAgIDxjZW50ZXI+CiAgICAgICAgICAgIDx0YWJsZSBjbGFzcz0idzMyMCIgY2VsbHBhZGRpbmc9IjAiIGNlbGxzcGFjaW5nPSIwIiB3aWR0aD0iNTAwIj4KCiAgICAgICAgICAgICAgPHRib2R5Pgo8dHI+CgogICAgICAgICAgICAgICAgPHRkPgogICAgICAgICAgICAgICAgICA8dGFibGUgY2VsbHBhZGRpbmc9IjMwIiBjZWxsc3BhY2luZz0iMCIgd2lkdGg9IjEwMCUiPgoKICAgICAgICAgICAgICAgICAgICA8dGJvZHk+Cjx0cj4KCiAgICAgICAgICAgICAgICAgICAgICA8dGQgc3R5bGU9InRleHQtYWxpZ246Y2VudGVyOyI+CgogICAgICAgICAgICAgICAgICAgICAgPGJyPjwvdGQ+CgogICAgICAgICAgICAgICAgICAgIDwvdHI+CgogICAgICAgICAgICAgICAgICA8L3Rib2R5Pgo8L3RhYmxlPgoKICAgICAgICAgICAgICAgIDwvdGQ+CgogICAgICAgICAgICAgIDwvdHI+CgogICAgICAgICAgICAgIDx0cj4KCiAgICAgICAgICAgICAgICA8dGQ+CiAgICAgICAgICAgICAgICAgIDxjZW50ZXI+CiAgICAgICAgICAgICAgICAgICAgPHRhYmxlIHN0eWxlPSJtYXJnaW46MCBhdXRvOyIgY2VsbHBhZGRpbmc9IjUiIGNlbGxzcGFjaW5nPSIwIiB3aWR0aD0iMTAwJSI+CgogICAgICAgICAgICAgICAgICAgICAgPHRib2R5Pgo8dHI+CgogICAgICAgICAgICAgICAgICAgICAgICA8dGQgc3R5bGU9InRleHQtYWxpZ246Y2VudGVyOyBtYXJnaW46MCBhdXRvOyIgd2lkdGg9IjEwMCUiPgogICAgICAgICAgICAgICAgICAgICAgICAgICA8aW1nIHNyYz0iaHR0cDovL2NvcmVkaWdpdGEuY29tL2ltYWdlcy9sb2dvLnBuZyIgYWx0PSJDb3JlZGlnaXRhIj4KICAgICAgICAgICAgICAgICAgICAgICAgPC90ZD4KCiAgICAgICAgICAgICAgICAgICAgICA8L3RyPgoKICAgICAgICAgICAgICAgICAgICA8L3Rib2R5Pgo8L3RhYmxlPgoKICAgICAgICAgICAgICAgICAgPC9jZW50ZXI+CiAgICAgICAgICAgICAgICA8L3RkPgoKICAgICAgICAgICAgICA8L3RyPgoKICAgICAgICAgICAgPC90Ym9keT4KPC90YWJsZT4KCiAgICAgICAgICA8L2NlbnRlcj4KICAgICAgICA8L3RkPgoKICAgICAgPC90cj4KCiAgICA8L3Rib2R5Pgo8L3RhYmxlPgoKICAgIDwvdGQ+CgogIDwvdHI+Cgo8L3Rib2R5Pgo8L3RhYmxlPg=='),
(21, 'COMMENTMAILFROMUSER', 'Mail send when any comment from user to admin about a project', 'Admin', 'Ask to update for Assignment Id# __ASSID__ ,Project Name: __PRNAME__ by User: __USER__', 'admin@coredigita.com', 'Coredigita', 'PG1ldGEgaHR0cC1lcXVpdj0iQ29udGVudC1UeXBlIiBjb250ZW50PSJ0ZXh0L2h0bWw7IGNoYXJzZXQ9dXRmLTgiPgogIDxtZXRhIG5hbWU9InZpZXdwb3J0IiBjb250ZW50PSJ3aWR0aD1kZXZpY2Utd2lkdGgsIGluaXRpYWwtc2NhbGU9MSI+CiAgPHRpdGxlPkNvcmVkaWdpdGE8L3RpdGxlPgogIDxzdHlsZSB0eXBlPSJ0ZXh0L2NzcyI+CiAgICBAaW1wb3J0IHVybChodHRwOi8vZm9udHMuZ29vZ2xlYXBpcy5jb20vY3NzP2ZhbWlseT1MYXRvOjQwMCk7CgogICAgLyogVGFrZSBjYXJlIG9mIGltYWdlIGJvcmRlcnMgYW5kIGZvcm1hdHRpbmcgKi8KCiAgICBpbWcgewogICAgICBtYXgtd2lkdGg6IDYwMHB4OwogICAgICBvdXRsaW5lOiBub25lOwogICAgICB0ZXh0LWRlY29yYXRpb246IG5vbmU7CiAgICAgIC1tcy1pbnRlcnBvbGF0aW9uLW1vZGU6IGJpY3ViaWM7CiAgICB9CgogICAgYSB7CiAgICAgIHRleHQtZGVjb3JhdGlvbjogbm9uZTsKICAgICAgYm9yZGVyOiAwOwogICAgICBvdXRsaW5lOiBub25lOwogICAgfQoKICAgIGEgaW1nIHsKICAgICAgYm9yZGVyOiBub25lOwogICAgfQoKICAgIC8qIEdlbmVyYWwgc3R5bGluZyAqLwoKICAgIHRkLCBoMSwgaDIsIGgzICB7CiAgICAgIGZvbnQtZmFtaWx5OiBIZWx2ZXRpY2EsIEFyaWFsLCBzYW5zLXNlcmlmOwogICAgICBmb250LXdlaWdodDogNDAwOwogICAgfQoKICAgIGJvZHkgewogICAgICAtd2Via2l0LWZvbnQtc21vb3RoaW5nOmFudGlhbGlhc2VkOwogICAgICAtd2Via2l0LXRleHQtc2l6ZS1hZGp1c3Q6bm9uZTsKICAgICAgd2lkdGg6IDEwMCU7CiAgICAgIGhlaWdodDogMTAwJTsKICAgICAgY29sb3I6ICMzNzMwMmQ7CiAgICAgIGJhY2tncm91bmQ6ICNmZmZmZmY7CiAgICB9CgogICAgIHRhYmxlIHsKICAgICAgYm9yZGVyLWNvbGxhcHNlOiBjb2xsYXBzZSAhaW1wb3J0YW50OwogICAgfQoKCiAgICBoMSwgaDIsIGgzIHsKICAgICAgcGFkZGluZzogMDsKICAgICAgbWFyZ2luOiAwOwogICAgICBjb2xvcjogI2ZmZmZmZjsKICAgICAgZm9udC13ZWlnaHQ6IDQwMDsKICAgIH0KCiAgICBoMyB7CiAgICAgIGNvbG9yOiAjMjFjNWJhOwogICAgICBmb250LXNpemU6IDI0cHg7CiAgICB9CgogICAgLmltcG9ydGFudC1mb250IHsKICAgICAgY29sb3I6ICMyMUJFQjQ7CiAgICAgIGZvbnQtd2VpZ2h0OiBib2xkOwogICAgfQoKICAgIC5oaWRlIHsKICAgICAgZGlzcGxheTogbm9uZSAhaW1wb3J0YW50OwogICAgfQoKICAgIC5mb3JjZS1mdWxsLXdpZHRoIHsKICAgICAgd2lkdGg6IDEwMCUgIWltcG9ydGFudDsKICAgIH0KICA8L3N0eWxlPgoKICA8c3R5bGUgdHlwZT0idGV4dC9jc3MiIG1lZGlhPSJzY3JlZW4iPgogICAgQG1lZGlhIHNjcmVlbiB7CiAgICAgICAvKiBUaGFua3MgT3V0bG9vayAyMDEzISBodHRwOi8vZ29vLmdsL1hMeHB5bCovCiAgICAgIHRkLCBoMSwgaDIsIGgzIHsKICAgICAgICBmb250LWZhbWlseTogJ0xhdG8nLCAnSGVsdmV0aWNhIE5ldWUnLCAnQXJpYWwnLCAnc2Fucy1zZXJpZicgIWltcG9ydGFudDsKICAgICAgfQogICAgfQogIDwvc3R5bGU+CgogIDxzdHlsZSB0eXBlPSJ0ZXh0L2NzcyIgbWVkaWE9Im9ubHkgc2NyZWVuIGFuZCAobWF4LXdpZHRoOiA0ODBweCkiPgogICAgLyogTW9iaWxlIHN0eWxlcyAqLwogICAgQG1lZGlhIG9ubHkgc2NyZWVuIGFuZCAobWF4LXdpZHRoOiA0ODBweCkgewogICAgICB0YWJsZVtjbGFzcz0idzMyMCJdIHsKICAgICAgICB3aWR0aDogMzIwcHggIWltcG9ydGFudDsKICAgICAgfQoKICAgICAgdGFibGVbY2xhc3M9InczMDAiXSB7CiAgICAgICAgd2lkdGg6IDMwMHB4ICFpbXBvcnRhbnQ7CiAgICAgIH0KCiAgICAgIHRhYmxlW2NsYXNzPSJ3MjkwIl0gewogICAgICAgIHdpZHRoOiAyOTBweCAhaW1wb3J0YW50OwogICAgICB9CgogICAgICB0ZFtjbGFzcz0idzMyMCJdIHsKICAgICAgICB3aWR0aDogMzIwcHggIWltcG9ydGFudDsKICAgICAgfQoKICAgICAgdGRbY2xhc3M9Im1vYmlsZS1jZW50ZXIiXSB7CiAgICAgICAgdGV4dC1hbGlnbjogY2VudGVyICFpbXBvcnRhbnQ7CiAgICAgIH0KCiAgICAgIHRkW2NsYXNzPSJtb2JpbGUtcGFkZGluZyJdIHsKICAgICAgICBwYWRkaW5nLWxlZnQ6IDIwcHggIWltcG9ydGFudDsKICAgICAgICBwYWRkaW5nLXJpZ2h0OiAyMHB4ICFpbXBvcnRhbnQ7CiAgICAgICAgcGFkZGluZy1ib3R0b206IDIwcHggIWltcG9ydGFudDsKICAgICAgfQoKICAgICAgdGRbY2xhc3M9Im1vYmlsZS1ibG9jayJdIHsKICAgICAgICBkaXNwbGF5OiBibG9jayAhaW1wb3J0YW50OwogICAgICAgIHdpZHRoOiAxMDAlICFpbXBvcnRhbnQ7CiAgICAgICAgdGV4dC1hbGlnbjogbGVmdCAhaW1wb3J0YW50OwogICAgICAgIHBhZGRpbmctYm90dG9tOiAyMHB4ICFpbXBvcnRhbnQ7CiAgICAgIH0KCiAgICAgIHRkW2NsYXNzPSJtb2JpbGUtYm9yZGVyIl0gewogICAgICAgIGJvcmRlcjogMCAhaW1wb3J0YW50OwogICAgICB9CgogICAgICB0ZFtjbGFzcyo9InJldmVhbCJdIHsKICAgICAgICBkaXNwbGF5OiBibG9jayAhaW1wb3J0YW50OwogICAgICB9CiAgICB9CiAgPC9zdHlsZT4KCgo8dGFibGUgYWxpZ249ImNlbnRlciIgY2VsbHBhZGRpbmc9IjAiIGNlbGxzcGFjaW5nPSIwIiBoZWlnaHQ9IjEwMCUiIHdpZHRoPSIxMDAlIj4KCiAgPHRib2R5Pgo8dHI+CgogICAgPHRkIGFsaWduPSJjZW50ZXIiIGJnY29sb3I9IiNmZmZmZmYiIHZhbGlnbj0idG9wIiB3aWR0aD0iMTAwJSI+CgogICAgPHRhYmxlIGNlbGxwYWRkaW5nPSIwIiBjZWxsc3BhY2luZz0iMCIgd2lkdGg9IjEwMCUiPgoKICAgICAgPHRib2R5Pgo8dHI+CgogICAgICAgIDx0ZCBzdHlsZT0iYm9yZGVyLWJvdHRvbTogM3B4IHNvbGlkICMzYmNkYzM7IiB3aWR0aD0iMTAwJSI+CiAgICAgICAgICA8Y2VudGVyPgogICAgICAgICAgICA8dGFibGUgY2xhc3M9InczMjAiIGNlbGxwYWRkaW5nPSIwIiBjZWxsc3BhY2luZz0iMCIgd2lkdGg9IjUwMCI+CgogICAgICAgICAgICAgIDx0Ym9keT4KPHRyPgoKICAgICAgICAgICAgICAgIDx0ZCBzdHlsZT0icGFkZGluZzoxMHB4IDA7IHRleHQtYWxpZ246bGVmdDsiIGNsYXNzPSJtb2JpbGUtY2VudGVyIiB2YWxpZ249InRvcCI+CiAgICAgICAgICAgICAgICAgIDxpbWcgYWx0PSJDb3JlZGlnaXRhIiBzcmM9Imh0dHA6Ly9jb3JlZGlnaXRhLmNvbS9pbWFnZXMvbG9nby5wbmciIHN0eWxlPSJib3JkZXI6bm9uZTsgbWFyZ2luOjAgYXV0byIgaGVpZ2h0PSI1MCIgd2lkdGg9IjEyMyI+CiAgICAgICAgICAgICAgICA8L3RkPgoKICAgICAgICAgICAgICA8L3RyPgoKICAgICAgICAgICAgPC90Ym9keT4KPC90YWJsZT4KCiAgICAgICAgICA8L2NlbnRlcj4KICAgICAgICA8L3RkPgoKICAgICAgPC90cj4KCiAgICAgIDx0cj4KCiAgICAgICAgPHRkIHN0eWxlPSJiYWNrZ3JvdW5kOiB1cmwoaHR0cDovL2Zsb29ycGxhbm5lci5jb3JlZGlnaXRhLmNvbS9sb2dvL2ltZy9uZXdiZy5qcGcpIG5vLXJlcGVhdCBjZW50ZXI7IGJhY2tncm91bmQtY29sb3I6ICM4YjgyODQ7IGJhY2tncm91bmQtcG9zaXRpb246IGNlbnRlcjsiIGJhY2tncm91bmQ9Imh0dHA6Ly9mbG9vcnBsYW5uZXIuY29yZWRpZ2l0YS5jb20vbG9nby9pbWcvbmV3YmcuanBnIiBiZ2NvbG9yPSIjOGI4Mjg0IiB2YWxpZ249InRvcCI+CiAgICAgICAgICA8IS0tW2lmIGd0ZSBtc28gOV0+CiAgICAgICAgICA8djpyZWN0IHhtbG5zOnY9InVuOnNjaGVtYXMtbWljcm9zb2Z0LWNvbTp2bWwiIGZpbGw9InRydWUiIHN0cm9rZT0iZmFsc2UiIHN0eWxlPSJtc28td2lkdGgtcGVyY2VudDoxMDAwO2hlaWdodDozMDNweDsiPgogICAgICAgICAgICA8djpmaWxsIHR5cGU9InRpbGUiIHNyYz0iaHR0cDovL2Zsb29ycGxhbm5lci5jb3JlZGlnaXRhLmNvbS9sb2dvL2ltZy9uZXdiZy5qcGciIGNvbG9yPSIjOGI4Mjg0IiA+PC92OmZpbGw+CiAgICAgICAgICAgIDx2OnRleHRib3ggaW5zZXQ9IjAsMCwwLDAiPgogICAgICAgICAgPCFbZW5kaWZdLS0+CiAgICAgICAgICA8ZGl2PgogICAgICAgICAgICA8Y2VudGVyPgogICAgICAgICAgICAgIDx0YWJsZSBjbGFzcz0idzMyMCIgY2VsbHBhZGRpbmc9IjAiIGNlbGxzcGFjaW5nPSIwIiBoZWlnaHQ9IjMwMyIgd2lkdGg9IjUzMCI+CgogICAgICAgICAgICAgICAgPHRib2R5Pgo8dHI+CgogICAgICAgICAgICAgICAgICA8dGQgc3R5bGU9InZlcnRpY2FsLWFsaWduOm1pZGRsZTsgcGFkZGluZy1yaWdodDogMTVweDsgcGFkZGluZy1sZWZ0OiAxNXB4OyB0ZXh0LWFsaWduOmxlZnQ7IiBoZWlnaHQ9IjMwMyIgdmFsaWduPSJtaWRkbGUiPgoKICAgICAgICAgICAgICAgICAgICA8dGFibGUgY2VsbHBhZGRpbmc9IjAiIGNlbGxzcGFjaW5nPSIwIiB3aWR0aD0iMTAwJSI+CgogICAgICAgICAgICAgICAgICAgICAgPHRib2R5Pgo8dHI+CgogICAgICAgICAgICAgICAgICAgICAgICA8dGQ+CiAgICAgICAgICAgICAgICAgICAgICAgICAgICAgPGgyPkNvbW1lbnQgYnkgVXNlciBmb3IgbWFraW5nIGNoYW5nZXMuLjxicj48L2gyPgoKICAgICAgICAgICAgICAgICAgICAgICAgICA8YnI+CiAgICAgICAgICAgICAgICAgICAgICAgIDwvdGQ+CgogICAgICAgICAgICAgICAgICAgICAgPC90cj4KCiAgICAgICAgICAgICAgICAgICAgPC90Ym9keT4KPC90YWJsZT4KCiAgICAgICAgICAgICAgICAgIDwvdGQ+CgogICAgICAgICAgICAgICAgPC90cj4KCiAgICAgICAgICAgICAgPC90Ym9keT4KPC90YWJsZT4KCiAgICAgICAgICAgIDwvY2VudGVyPgogICAgICAgICAgPC9kaXY+CgogICAgICAgICAgPCEtLVtpZiBndGUgbXNvIDldPgogICAgICAgICAgICA8L3Y6dGV4dGJveD4KICAgICAgICAgIDwvdjpyZWN0PgogICAgICAgICAgPCFbZW5kaWZdLS0+CiAgICAgICAgPC90ZD4KCiAgICAgIDwvdHI+CgogICAgICA8dHI+CgogICAgICAgIDx0ZCB2YWxpZ249InRvcCI+CgogICAgICAgICAgPGNlbnRlcj4KICAgICAgICAgICAgPHRhYmxlIGNsYXNzPSJ3MzIwIiBjZWxscGFkZGluZz0iMCIgY2VsbHNwYWNpbmc9IjAiIHdpZHRoPSI1MDAiPgoKICAgICAgICAgICAgICA8dGJvZHk+Cjx0cj4KCiAgICAgICAgICAgICAgICA8dGQ+CiAgICAgICAgICAgICAgICAgIDx0YWJsZSBjZWxscGFkZGluZz0iMCIgY2VsbHNwYWNpbmc9IjAiIHdpZHRoPSIxMDAlIj4KCiAgICAgICAgICAgICAgICAgICAgPHRib2R5Pgo8dHI+CgogICAgICAgICAgICAgICAgICAgICAgPHRkIGNsYXNzPSJtb2JpbGUtcGFkZGluZyIgc3R5bGU9InRleHQtYWxpZ246bGVmdDsiPjxwPgogICAgICAgICAgICAgICAgICAgICAgPGJyPgogICAgICAgICAgICAgICAgICAgICAgRGVhciBBZG1pbiw8L3A+PHA+IF9fTUVTU0FHRV9fIDxicj48YnI+CiAgICAgICAgICAgICAgICAgICAgICBBc3NpZ25tZW50IElEIyBfX0FTU0lEX188YnI+QWRkcmVzczogX19QUk5BTUVfXyA8YnI+Q29tcGFueTogX19DT01QQU5ZTkFNRV9fIDxicj5DbGllbnQ6IF9fQ0xJRU5UTkFNRV9fIDxicj48YnI+CiAgICAgICAgICAgICAgICAgICAgICBUaGFuayBZb3UsPGJyPgogICAgICAgICAgICAgICAgICAgICAgQ29yZWRpZ2l0YQogICAgICAgICAgICAgICAgICAgICAgPGJyPgogICAgICAgICAgICAgICAgICAgICAgPGJyPgogICAgICAgICAgICAgICAgICAgICAgPGJyPgogICAgICAgICAgICAgICAgICAgICAgPC9wPjwvdGQ+CgogICAgICAgICAgICAgICAgICAgIDwvdHI+CgogICAgICAgICAgICAgICAgICA8L3Rib2R5Pgo8L3RhYmxlPgoKICAgICAgICAgICAgICAgIDwvdGQ+CgogICAgICAgICAgICAgIDwvdHI+CgogICAgICAgICAgICA8L3Rib2R5Pgo8L3RhYmxlPgoKICAgICAgICAgIDwvY2VudGVyPgogICAgICAgIDwvdGQ+CgogICAgICA8L3RyPgoKICAgICAgPHRyPgoKICAgICAgICA8dGQgc3R5bGU9ImJhY2tncm91bmQtY29sb3I6I2MyYzJjMjsiPgogICAgICAgICAgPGNlbnRlcj4KICAgICAgICAgICAgPHRhYmxlIGNsYXNzPSJ3MzIwIiBjZWxscGFkZGluZz0iMCIgY2VsbHNwYWNpbmc9IjAiIHdpZHRoPSI1MDAiPgoKICAgICAgICAgICAgICA8dGJvZHk+Cjx0cj4KCiAgICAgICAgICAgICAgICA8dGQ+CiAgICAgICAgICAgICAgICAgIDx0YWJsZSBjZWxscGFkZGluZz0iMzAiIGNlbGxzcGFjaW5nPSIwIiB3aWR0aD0iMTAwJSI+CgogICAgICAgICAgICAgICAgICAgIDx0Ym9keT4KPHRyPgoKICAgICAgICAgICAgICAgICAgICAgIDx0ZCBzdHlsZT0idGV4dC1hbGlnbjpjZW50ZXI7Ij4KCiAgICAgICAgICAgICAgICAgICAgICA8YnI+PC90ZD4KCiAgICAgICAgICAgICAgICAgICAgPC90cj4KCiAgICAgICAgICAgICAgICAgIDwvdGJvZHk+CjwvdGFibGU+CgogICAgICAgICAgICAgICAgPC90ZD4KCiAgICAgICAgICAgICAgPC90cj4KCiAgICAgICAgICAgICAgPHRyPgoKICAgICAgICAgICAgICAgIDx0ZD4KICAgICAgICAgICAgICAgICAgPGNlbnRlcj4KICAgICAgICAgICAgICAgICAgICA8dGFibGUgc3R5bGU9Im1hcmdpbjowIGF1dG87IiBjZWxscGFkZGluZz0iNSIgY2VsbHNwYWNpbmc9IjAiIHdpZHRoPSIxMDAlIj4KCiAgICAgICAgICAgICAgICAgICAgICA8dGJvZHk+Cjx0cj4KCiAgICAgICAgICAgICAgICAgICAgICAgIDx0ZCBzdHlsZT0idGV4dC1hbGlnbjpjZW50ZXI7IG1hcmdpbjowIGF1dG87IiB3aWR0aD0iMTAwJSI+CiAgICAgICAgICAgICAgICAgICAgICAgICAgIDxpbWcgc3JjPSJodHRwOi8vY29yZWRpZ2l0YS5jb20vaW1hZ2VzL2xvZ28ucG5nIiBhbHQ9IkNvcmVkaWdpdGEiPgogICAgICAgICAgICAgICAgICAgICAgICA8L3RkPgoKICAgICAgICAgICAgICAgICAgICAgIDwvdHI+CgogICAgICAgICAgICAgICAgICAgIDwvdGJvZHk+CjwvdGFibGU+CgogICAgICAgICAgICAgICAgICA8L2NlbnRlcj4KICAgICAgICAgICAgICAgIDwvdGQ+CgogICAgICAgICAgICAgIDwvdHI+CgogICAgICAgICAgICA8L3Rib2R5Pgo8L3RhYmxlPgoKICAgICAgICAgIDwvY2VudGVyPgogICAgICAgIDwvdGQ+CgogICAgICA8L3RyPgoKICAgIDwvdGJvZHk+CjwvdGFibGU+CgogICAgPC90ZD4KCiAgPC90cj4KCjwvdGJvZHk+CjwvdGFibGU+'),
(22, 'COMMENTMAILFROMADMIN', 'Mail send when any comment from Admin to user about a project', 'User', 'Comment for Assignment Id# __ASSID__ ,Project Name: __PRNAME__ by Coredigita', 'admin@coredigita.com', 'Coredigita', 'PG1ldGEgaHR0cC1lcXVpdj0iQ29udGVudC1UeXBlIiBjb250ZW50PSJ0ZXh0L2h0bWw7IGNoYXJzZXQ9dXRmLTgiPgogIDxtZXRhIG5hbWU9InZpZXdwb3J0IiBjb250ZW50PSJ3aWR0aD1kZXZpY2Utd2lkdGgsIGluaXRpYWwtc2NhbGU9MSI+CiAgPHRpdGxlPkNvcmVkaWdpdGE8L3RpdGxlPgogIDxzdHlsZSB0eXBlPSJ0ZXh0L2NzcyI+CiAgICBAaW1wb3J0IHVybChodHRwOi8vZm9udHMuZ29vZ2xlYXBpcy5jb20vY3NzP2ZhbWlseT1MYXRvOjQwMCk7CgogICAgLyogVGFrZSBjYXJlIG9mIGltYWdlIGJvcmRlcnMgYW5kIGZvcm1hdHRpbmcgKi8KCiAgICBpbWcgewogICAgICBtYXgtd2lkdGg6IDYwMHB4OwogICAgICBvdXRsaW5lOiBub25lOwogICAgICB0ZXh0LWRlY29yYXRpb246IG5vbmU7CiAgICAgIC1tcy1pbnRlcnBvbGF0aW9uLW1vZGU6IGJpY3ViaWM7CiAgICB9CgogICAgYSB7CiAgICAgIHRleHQtZGVjb3JhdGlvbjogbm9uZTsKICAgICAgYm9yZGVyOiAwOwogICAgICBvdXRsaW5lOiBub25lOwogICAgfQoKICAgIGEgaW1nIHsKICAgICAgYm9yZGVyOiBub25lOwogICAgfQoKICAgIC8qIEdlbmVyYWwgc3R5bGluZyAqLwoKICAgIHRkLCBoMSwgaDIsIGgzICB7CiAgICAgIGZvbnQtZmFtaWx5OiBIZWx2ZXRpY2EsIEFyaWFsLCBzYW5zLXNlcmlmOwogICAgICBmb250LXdlaWdodDogNDAwOwogICAgfQoKICAgIGJvZHkgewogICAgICAtd2Via2l0LWZvbnQtc21vb3RoaW5nOmFudGlhbGlhc2VkOwogICAgICAtd2Via2l0LXRleHQtc2l6ZS1hZGp1c3Q6bm9uZTsKICAgICAgd2lkdGg6IDEwMCU7CiAgICAgIGhlaWdodDogMTAwJTsKICAgICAgY29sb3I6ICMzNzMwMmQ7CiAgICAgIGJhY2tncm91bmQ6ICNmZmZmZmY7CiAgICB9CgogICAgIHRhYmxlIHsKICAgICAgYm9yZGVyLWNvbGxhcHNlOiBjb2xsYXBzZSAhaW1wb3J0YW50OwogICAgfQoKCiAgICBoMSwgaDIsIGgzIHsKICAgICAgcGFkZGluZzogMDsKICAgICAgbWFyZ2luOiAwOwogICAgICBjb2xvcjogI2ZmZmZmZjsKICAgICAgZm9udC13ZWlnaHQ6IDQwMDsKICAgIH0KCiAgICBoMyB7CiAgICAgIGNvbG9yOiAjMjFjNWJhOwogICAgICBmb250LXNpemU6IDI0cHg7CiAgICB9CgogICAgLmltcG9ydGFudC1mb250IHsKICAgICAgY29sb3I6ICMyMUJFQjQ7CiAgICAgIGZvbnQtd2VpZ2h0OiBib2xkOwogICAgfQoKICAgIC5oaWRlIHsKICAgICAgZGlzcGxheTogbm9uZSAhaW1wb3J0YW50OwogICAgfQoKICAgIC5mb3JjZS1mdWxsLXdpZHRoIHsKICAgICAgd2lkdGg6IDEwMCUgIWltcG9ydGFudDsKICAgIH0KICA8L3N0eWxlPgoKICA8c3R5bGUgdHlwZT0idGV4dC9jc3MiIG1lZGlhPSJzY3JlZW4iPgogICAgQG1lZGlhIHNjcmVlbiB7CiAgICAgICAvKiBUaGFua3MgT3V0bG9vayAyMDEzISBodHRwOi8vZ29vLmdsL1hMeHB5bCovCiAgICAgIHRkLCBoMSwgaDIsIGgzIHsKICAgICAgICBmb250LWZhbWlseTogJ0xhdG8nLCAnSGVsdmV0aWNhIE5ldWUnLCAnQXJpYWwnLCAnc2Fucy1zZXJpZicgIWltcG9ydGFudDsKICAgICAgfQogICAgfQogIDwvc3R5bGU+CgogIDxzdHlsZSB0eXBlPSJ0ZXh0L2NzcyIgbWVkaWE9Im9ubHkgc2NyZWVuIGFuZCAobWF4LXdpZHRoOiA0ODBweCkiPgogICAgLyogTW9iaWxlIHN0eWxlcyAqLwogICAgQG1lZGlhIG9ubHkgc2NyZWVuIGFuZCAobWF4LXdpZHRoOiA0ODBweCkgewogICAgICB0YWJsZVtjbGFzcz0idzMyMCJdIHsKICAgICAgICB3aWR0aDogMzIwcHggIWltcG9ydGFudDsKICAgICAgfQoKICAgICAgdGFibGVbY2xhc3M9InczMDAiXSB7CiAgICAgICAgd2lkdGg6IDMwMHB4ICFpbXBvcnRhbnQ7CiAgICAgIH0KCiAgICAgIHRhYmxlW2NsYXNzPSJ3MjkwIl0gewogICAgICAgIHdpZHRoOiAyOTBweCAhaW1wb3J0YW50OwogICAgICB9CgogICAgICB0ZFtjbGFzcz0idzMyMCJdIHsKICAgICAgICB3aWR0aDogMzIwcHggIWltcG9ydGFudDsKICAgICAgfQoKICAgICAgdGRbY2xhc3M9Im1vYmlsZS1jZW50ZXIiXSB7CiAgICAgICAgdGV4dC1hbGlnbjogY2VudGVyICFpbXBvcnRhbnQ7CiAgICAgIH0KCiAgICAgIHRkW2NsYXNzPSJtb2JpbGUtcGFkZGluZyJdIHsKICAgICAgICBwYWRkaW5nLWxlZnQ6IDIwcHggIWltcG9ydGFudDsKICAgICAgICBwYWRkaW5nLXJpZ2h0OiAyMHB4ICFpbXBvcnRhbnQ7CiAgICAgICAgcGFkZGluZy1ib3R0b206IDIwcHggIWltcG9ydGFudDsKICAgICAgfQoKICAgICAgdGRbY2xhc3M9Im1vYmlsZS1ibG9jayJdIHsKICAgICAgICBkaXNwbGF5OiBibG9jayAhaW1wb3J0YW50OwogICAgICAgIHdpZHRoOiAxMDAlICFpbXBvcnRhbnQ7CiAgICAgICAgdGV4dC1hbGlnbjogbGVmdCAhaW1wb3J0YW50OwogICAgICAgIHBhZGRpbmctYm90dG9tOiAyMHB4ICFpbXBvcnRhbnQ7CiAgICAgIH0KCiAgICAgIHRkW2NsYXNzPSJtb2JpbGUtYm9yZGVyIl0gewogICAgICAgIGJvcmRlcjogMCAhaW1wb3J0YW50OwogICAgICB9CgogICAgICB0ZFtjbGFzcyo9InJldmVhbCJdIHsKICAgICAgICBkaXNwbGF5OiBibG9jayAhaW1wb3J0YW50OwogICAgICB9CiAgICB9CiAgPC9zdHlsZT4KCgo8dGFibGUgYWxpZ249ImNlbnRlciIgY2VsbHBhZGRpbmc9IjAiIGNlbGxzcGFjaW5nPSIwIiBoZWlnaHQ9IjEwMCUiIHdpZHRoPSIxMDAlIj4KCiAgPHRib2R5Pgo8dHI+CgogICAgPHRkIGFsaWduPSJjZW50ZXIiIGJnY29sb3I9IiNmZmZmZmYiIHZhbGlnbj0idG9wIiB3aWR0aD0iMTAwJSI+CgogICAgPHRhYmxlIGNlbGxwYWRkaW5nPSIwIiBjZWxsc3BhY2luZz0iMCIgd2lkdGg9IjEwMCUiPgoKICAgICAgPHRib2R5Pgo8dHI+CgogICAgICAgIDx0ZCBzdHlsZT0iYm9yZGVyLWJvdHRvbTogM3B4IHNvbGlkICMzYmNkYzM7IiB3aWR0aD0iMTAwJSI+CiAgICAgICAgICA8Y2VudGVyPgogICAgICAgICAgICA8dGFibGUgY2xhc3M9InczMjAiIGNlbGxwYWRkaW5nPSIwIiBjZWxsc3BhY2luZz0iMCIgd2lkdGg9IjUwMCI+CgogICAgICAgICAgICAgIDx0Ym9keT4KPHRyPgoKICAgICAgICAgICAgICAgIDx0ZCBzdHlsZT0icGFkZGluZzoxMHB4IDA7IHRleHQtYWxpZ246bGVmdDsiIGNsYXNzPSJtb2JpbGUtY2VudGVyIiB2YWxpZ249InRvcCI+CiAgICAgICAgICAgICAgICAgIDxpbWcgYWx0PSJDb3JlZGlnaXRhIiBzcmM9Imh0dHA6Ly9jb3JlZGlnaXRhLmNvbS9pbWFnZXMvbG9nby5wbmciIHN0eWxlPSJib3JkZXI6bm9uZTsgbWFyZ2luOjAgYXV0byIgaGVpZ2h0PSI1MCIgd2lkdGg9IjEyMyI+CiAgICAgICAgICAgICAgICA8L3RkPgoKICAgICAgICAgICAgICA8L3RyPgoKICAgICAgICAgICAgPC90Ym9keT4KPC90YWJsZT4KCiAgICAgICAgICA8L2NlbnRlcj4KICAgICAgICA8L3RkPgoKICAgICAgPC90cj4KCiAgICAgIDx0cj4KCiAgICAgICAgPHRkIHN0eWxlPSJiYWNrZ3JvdW5kOiB1cmwoaHR0cDovL2Zsb29ycGxhbm5lci5jb3JlZGlnaXRhLmNvbS9sb2dvL2ltZy9uZXdiZy5qcGcpIG5vLXJlcGVhdCBjZW50ZXI7IGJhY2tncm91bmQtY29sb3I6ICM4YjgyODQ7IGJhY2tncm91bmQtcG9zaXRpb246IGNlbnRlcjsiIGJhY2tncm91bmQ9Imh0dHA6Ly9mbG9vcnBsYW5uZXIuY29yZWRpZ2l0YS5jb20vbG9nby9pbWcvbmV3YmcuanBnIiBiZ2NvbG9yPSIjOGI4Mjg0IiB2YWxpZ249InRvcCI+CiAgICAgICAgICA8IS0tW2lmIGd0ZSBtc28gOV0+CiAgICAgICAgICA8djpyZWN0IHhtbG5zOnY9InVuOnNjaGVtYXMtbWljcm9zb2Z0LWNvbTp2bWwiIGZpbGw9InRydWUiIHN0cm9rZT0iZmFsc2UiIHN0eWxlPSJtc28td2lkdGgtcGVyY2VudDoxMDAwO2hlaWdodDozMDNweDsiPgogICAgICAgICAgICA8djpmaWxsIHR5cGU9InRpbGUiIHNyYz0iaHR0cDovL2Zsb29ycGxhbm5lci5jb3JlZGlnaXRhLmNvbS9sb2dvL2ltZy9uZXdiZy5qcGciIGNvbG9yPSIjOGI4Mjg0IiA+PC92OmZpbGw+CiAgICAgICAgICAgIDx2OnRleHRib3ggaW5zZXQ9IjAsMCwwLDAiPgogICAgICAgICAgPCFbZW5kaWZdLS0+CiAgICAgICAgICA8ZGl2PgogICAgICAgICAgICA8Y2VudGVyPgogICAgICAgICAgICAgIDx0YWJsZSBjbGFzcz0idzMyMCIgY2VsbHBhZGRpbmc9IjAiIGNlbGxzcGFjaW5nPSIwIiBoZWlnaHQ9IjMwMyIgd2lkdGg9IjUzMCI+CgogICAgICAgICAgICAgICAgPHRib2R5Pgo8dHI+CgogICAgICAgICAgICAgICAgICA8dGQgc3R5bGU9InZlcnRpY2FsLWFsaWduOm1pZGRsZTsgcGFkZGluZy1yaWdodDogMTVweDsgcGFkZGluZy1sZWZ0OiAxNXB4OyB0ZXh0LWFsaWduOmxlZnQ7IiBoZWlnaHQ9IjMwMyIgdmFsaWduPSJtaWRkbGUiPgoKICAgICAgICAgICAgICAgICAgICA8dGFibGUgY2VsbHBhZGRpbmc9IjAiIGNlbGxzcGFjaW5nPSIwIiB3aWR0aD0iMTAwJSI+CgogICAgICAgICAgICAgICAgICAgICAgPHRib2R5Pgo8dHI+CgogICAgICAgICAgICAgICAgICAgICAgICA8dGQ+CiAgICAgICAgICAgICAgICAgICAgICAgICAgICAgPGgyPkNvbW1lbnQgYnkgQWRtaW4gZm9yIG1ha2luZyBjaGFuZ2VzLi48YnI+PC9oMj4KCiAgICAgICAgICAgICAgICAgICAgICAgICAgPGJyPgogICAgICAgICAgICAgICAgICAgICAgICA8L3RkPgoKICAgICAgICAgICAgICAgICAgICAgIDwvdHI+CgogICAgICAgICAgICAgICAgICAgIDwvdGJvZHk+CjwvdGFibGU+CgogICAgICAgICAgICAgICAgICA8L3RkPgoKICAgICAgICAgICAgICAgIDwvdHI+CgogICAgICAgICAgICAgIDwvdGJvZHk+CjwvdGFibGU+CgogICAgICAgICAgICA8L2NlbnRlcj4KICAgICAgICAgIDwvZGl2PgoKICAgICAgICAgIDwhLS1baWYgZ3RlIG1zbyA5XT4KICAgICAgICAgICAgPC92OnRleHRib3g+CiAgICAgICAgICA8L3Y6cmVjdD4KICAgICAgICAgIDwhW2VuZGlmXS0tPgogICAgICAgIDwvdGQ+CgogICAgICA8L3RyPgoKICAgICAgPHRyPgoKICAgICAgICA8dGQgdmFsaWduPSJ0b3AiPgoKICAgICAgICAgIDxjZW50ZXI+CiAgICAgICAgICAgIDx0YWJsZSBjbGFzcz0idzMyMCIgY2VsbHBhZGRpbmc9IjAiIGNlbGxzcGFjaW5nPSIwIiB3aWR0aD0iNTAwIj4KCiAgICAgICAgICAgICAgPHRib2R5Pgo8dHI+CgogICAgICAgICAgICAgICAgPHRkPgogICAgICAgICAgICAgICAgICA8dGFibGUgY2VsbHBhZGRpbmc9IjAiIGNlbGxzcGFjaW5nPSIwIiB3aWR0aD0iMTAwJSI+CgogICAgICAgICAgICAgICAgICAgIDx0Ym9keT4KPHRyPgoKICAgICAgICAgICAgICAgICAgICAgIDx0ZCBjbGFzcz0ibW9iaWxlLXBhZGRpbmciIHN0eWxlPSJ0ZXh0LWFsaWduOmxlZnQ7Ij48cD4KICAgICAgICAgICAgICAgICAgICAgIDxicj4KICAgICAgICAgICAgICAgICAgICAgIERlYXIgVXNlciw8L3A+PHA+IF9fTUVTU0FHRV9fIDxicj48YnI+CiAgICAgICAgICAgICAgICAgICAgICBBc3NpZ25tZW50IElEIyBfX0FTU0lEX188YnI+QWRkcmVzczogX19QUk5BTUVfXyA8YnI+Q29tcGFueTogX19DT01QQU5ZTkFNRV9fIDxicj5DbGllbnQ6IF9fQ0xJRU5UTkFNRV9fIDxicj48YnI+CiAgICAgICAgICAgICAgICAgICAgICBUaGFuayBZb3UsPGJyPgogICAgICAgICAgICAgICAgICAgICAgQ29yZWRpZ2l0YQogICAgICAgICAgICAgICAgICAgICAgPGJyPgogICAgICAgICAgICAgICAgICAgICAgPGJyPgogICAgICAgICAgICAgICAgICAgICAgPGJyPgogICAgICAgICAgICAgICAgICAgICAgPC9wPjwvdGQ+CgogICAgICAgICAgICAgICAgICAgIDwvdHI+CgogICAgICAgICAgICAgICAgICA8L3Rib2R5Pgo8L3RhYmxlPgoKICAgICAgICAgICAgICAgIDwvdGQ+CgogICAgICAgICAgICAgIDwvdHI+CgogICAgICAgICAgICA8L3Rib2R5Pgo8L3RhYmxlPgoKICAgICAgICAgIDwvY2VudGVyPgogICAgICAgIDwvdGQ+CgogICAgICA8L3RyPgoKICAgICAgPHRyPgoKICAgICAgICA8dGQgc3R5bGU9ImJhY2tncm91bmQtY29sb3I6I2MyYzJjMjsiPgogICAgICAgICAgPGNlbnRlcj4KICAgICAgICAgICAgPHRhYmxlIGNsYXNzPSJ3MzIwIiBjZWxscGFkZGluZz0iMCIgY2VsbHNwYWNpbmc9IjAiIHdpZHRoPSI1MDAiPgoKICAgICAgICAgICAgICA8dGJvZHk+Cjx0cj4KCiAgICAgICAgICAgICAgICA8dGQ+CiAgICAgICAgICAgICAgICAgIDx0YWJsZSBjZWxscGFkZGluZz0iMzAiIGNlbGxzcGFjaW5nPSIwIiB3aWR0aD0iMTAwJSI+CgogICAgICAgICAgICAgICAgICAgIDx0Ym9keT4KPHRyPgoKICAgICAgICAgICAgICAgICAgICAgIDx0ZCBzdHlsZT0idGV4dC1hbGlnbjpjZW50ZXI7Ij4KCiAgICAgICAgICAgICAgICAgICAgICA8YnI+PC90ZD4KCiAgICAgICAgICAgICAgICAgICAgPC90cj4KCiAgICAgICAgICAgICAgICAgIDwvdGJvZHk+CjwvdGFibGU+CgogICAgICAgICAgICAgICAgPC90ZD4KCiAgICAgICAgICAgICAgPC90cj4KCiAgICAgICAgICAgICAgPHRyPgoKICAgICAgICAgICAgICAgIDx0ZD4KICAgICAgICAgICAgICAgICAgPGNlbnRlcj4KICAgICAgICAgICAgICAgICAgICA8dGFibGUgc3R5bGU9Im1hcmdpbjowIGF1dG87IiBjZWxscGFkZGluZz0iNSIgY2VsbHNwYWNpbmc9IjAiIHdpZHRoPSIxMDAlIj4KCiAgICAgICAgICAgICAgICAgICAgICA8dGJvZHk+Cjx0cj4KCiAgICAgICAgICAgICAgICAgICAgICAgIDx0ZCBzdHlsZT0idGV4dC1hbGlnbjpjZW50ZXI7IG1hcmdpbjowIGF1dG87IiB3aWR0aD0iMTAwJSI+CiAgICAgICAgICAgICAgICAgICAgICAgICAgIDxpbWcgc3JjPSJodHRwOi8vY29yZWRpZ2l0YS5jb20vaW1hZ2VzL2xvZ28ucG5nIiBhbHQ9IkNvcmVkaWdpdGEiPgogICAgICAgICAgICAgICAgICAgICAgICA8L3RkPgoKICAgICAgICAgICAgICAgICAgICAgIDwvdHI+CgogICAgICAgICAgICAgICAgICAgIDwvdGJvZHk+CjwvdGFibGU+CgogICAgICAgICAgICAgICAgICA8L2NlbnRlcj4KICAgICAgICAgICAgICAgIDwvdGQ+CgogICAgICAgICAgICAgIDwvdHI+CgogICAgICAgICAgICA8L3Rib2R5Pgo8L3RhYmxlPgoKICAgICAgICAgIDwvY2VudGVyPgogICAgICAgIDwvdGQ+CgogICAgICA8L3RyPgoKICAgIDwvdGJvZHk+CjwvdGFibGU+CgogICAgPC90ZD4KCiAgPC90cj4KCjwvdGJvZHk+CjwvdGFibGU+');

-- --------------------------------------------------------

--
-- Table structure for table `menu`
--

CREATE TABLE IF NOT EXISTS `menu` (
  `menu_id` int(11) NOT NULL AUTO_INCREMENT,
  `parent_id` int(11) NOT NULL,
  `menu_name` varchar(255) NOT NULL,
  `menu_page` varchar(255) NOT NULL,
  `icon` varchar(255) NOT NULL,
  `admin_access` enum('yes','no') NOT NULL,
  `client_access` enum('yes','no') NOT NULL,
  PRIMARY KEY (`menu_id`)
) ENGINE=MyISAM  DEFAULT CHARSET=utf8 AUTO_INCREMENT=19 ;

--
-- Dumping data for table `menu`
--

INSERT INTO `menu` (`menu_id`, `parent_id`, `menu_name`, `menu_page`, `icon`, `admin_access`, `client_access`) VALUES
(1, 0, 'Dashboard', '', 'fa fa-dashboard', 'yes', 'yes'),
(2, 0, 'Settings', '', 'fa fa-gear', 'yes', 'yes'),
(11, 1, 'Dashboard', 'dashboard.php', 'fa fa-circle-o', 'yes', 'yes'),
(3, 0, 'Report', '', 'fa fa-table', 'yes', 'yes'),
(12, 3, 'Client', 'client.php', 'fa fa-circle-o', 'yes', 'no'),
(14, 3, 'Assignment List', 'project.php', 'fa fa-circle-o', 'yes', 'yes'),
(13, 3, 'Company', 'company.php', 'fa fa-circle-o', 'yes', 'yes'),
(15, 2, 'Change Password', 'password_change.php', 'fa fa-expeditedssl', 'yes', 'yes'),
(4, 0, 'Log Out', '', 'fa fa-sign-out', 'yes', 'yes'),
(16, 4, 'Log Out', 'logout.php', 'fa fa-sign-out', 'yes', 'yes'),
(17, 2, 'Email Template', 'email_template.php', '', 'yes', 'no');

-- --------------------------------------------------------

--
-- Table structure for table `tb_comment`
--

CREATE TABLE IF NOT EXISTS `tb_comment` (
  `comment_id` int(11) NOT NULL AUTO_INCREMENT,
  `project_id` int(11) NOT NULL,
  `comment_type` varchar(30) NOT NULL,
  `comments` text NOT NULL,
  `user` varchar(50) NOT NULL,
  `image_path` varchar(100) NOT NULL,
  `image_name` text NOT NULL,
  `comment_creation_time` timestamp NOT NULL DEFAULT CURRENT_TIMESTAMP,
  PRIMARY KEY (`comment_id`)
) ENGINE=InnoDB  DEFAULT CHARSET=latin1 AUTO_INCREMENT=163 ;

--
-- Dumping data for table `tb_comment`
--

INSERT INTO `tb_comment` (`comment_id`, `project_id`, `comment_type`, `comments`, `user`, `image_path`, `image_name`, `comment_creation_time`) VALUES
(125, 715, 'raw', '', '', '2016/07/', 'BP-ID715-04146763363434.jpg', '2016-07-04 12:00:36'),
(126, 715, 'final', 'This is a test comment!', 'Admin Dipankar', '2016/07/', 'FP-ID715-04146763422272.jpg', '2016-07-04 12:10:22'),
(127, 715, 'update', 'Project Updated', '', '', '', '2016-07-04 12:12:51'),
(128, 715, 'final', 'Another Test Comment!', 'Admin Dipankar', '2016/07/', 'FP-ID715-04146763445070.jpg', '2016-07-04 12:14:11'),
(129, 715, 'cmt', 'Please also send in pdf files.', '9', '', '', '2016-07-04 12:15:31'),
(130, 716, 'raw', '', '', '2016/07/', 'BP-ID716-04146763533594.JPG', '2016-07-04 12:28:55'),
(131, 717, 'raw', '', '', '2016/07/', 'BP-ID717-04146763640844.jpg,BP-ID717-04146763640856.jpg', '2016-07-04 12:46:48'),
(132, 718, 'raw', '', '', '2016/07/', 'BP-ID718-04146763831794.jpg,BP-ID718-04146763831781.jpg', '2016-07-04 13:18:37'),
(133, 716, 'final', '', 'Admin Dipankar', '2016/07/', 'FP-ID716-04146763918831.jpg,FP-ID716-04146763918838.png', '2016-07-04 13:33:08'),
(134, 717, 'final', '', 'Admin Dipankar', '2016/07/', 'FP-ID717-04146763934736.jpg,FP-ID717-04146763934946.png,FP-ID717-04146763935029.jpg,FP-ID717-04146763935273.png', '2016-07-04 13:35:53'),
(135, 718, 'final', '', 'Admin Dipankar', '2016/07/', 'FP-ID718-04146763948898.jpg,FP-ID718-04146763949056.png,FP-ID718-04146763949269.jpg,FP-ID718-04146763949373.png', '2016-07-04 13:38:14'),
(136, 719, 'raw', '', '', '2016/07/', 'BP-ID719-05146770778431.jpg,BP-ID719-05146770778596.jpg,BP-ID719-05146770778993.jpg', '2016-07-05 08:36:33'),
(137, 719, 'final', '', 'Admin Dipankar', '2016/07/', 'FP-ID719-05146771036225.jpg,FP-ID719-05146771036378.png,FP-ID719-05146771036686.jpg,FP-ID719-05146771036786.png,FP-ID719-0514677103689.jpg,FP-ID719-05146771036945.png', '2016-07-05 09:19:30'),
(138, 720, 'raw', '', '', '2016/07/', 'BP-ID720-05146771057563.jpg,BP-ID720-05146771057543.jpg', '2016-07-05 09:22:55'),
(139, 720, 'final', '', 'Admin Dipankar', '2016/07/', 'FP-ID720-05146771180414.jpg,FP-ID720-05146771180624.png,FP-ID720-05146771180817.jpg,FP-ID720-05146771181046.png', '2016-07-05 09:43:31'),
(140, 721, 'raw', '', '', '2016/07/', 'BP-ID721-05146771452658.JPG', '2016-07-05 10:28:46'),
(141, 721, 'final', '', 'Admin Dipankar', '2016/07/', 'FP-ID721-05146771576548.jpg,FP-ID721-05146771576572.png', '2016-07-05 10:49:25'),
(142, 722, 'raw', '', '', '2016/07/', 'BP-ID722-05146772498564.JPG', '2016-07-05 13:23:05'),
(143, 722, 'final', '', 'Admin Dipankar', '2016/07/', 'FP-ID722-05146773014378.jpg,FP-ID722-05146773014399.png', '2016-07-05 14:49:03'),
(144, 723, 'raw', '', '', '2016/07/', 'BP-ID723-05146773028080.JPG,BP-ID723-05146773028023.JPG', '2016-07-05 14:51:20'),
(145, 723, 'final', '', 'Admin Dipankar', '2016/07/', 'FP-ID723-05146773128157.jpg,FP-ID723-05146773128233.png,FP-ID723-05146773128283.jpg,FP-ID723-05146773128280.png', '2016-07-05 15:08:02'),
(146, 704, 'final', '', 'Admin Dipankar', '2016/07/', 'FP-ID704-06146779361879.jpg,FP-ID704-06146779362026.png,FP-ID704-06146779362193.jpg,FP-ID704-06146779362376.png', '2016-07-06 08:27:04'),
(147, 724, 'raw', '', '', '2016/07/', 'BP-ID724-06146779390433.jpg', '2016-07-06 08:31:44'),
(148, 724, 'final', '', 'Admin Dipankar', '2016/07/', 'FP-ID724-06146779562519.jpg,FP-ID724-06146779562710.png', '2016-07-06 09:00:28'),
(149, 725, 'raw', '', '', '2016/07/', 'BP-ID725-06146779901737.jpg,BP-ID725-06146779901731.jpg', '2016-07-06 09:56:57'),
(150, 725, 'final', '', 'Admin Dipankar', '2016/07/', 'FP-ID725-06146780086229.jpg,FP-ID725-06146780086497.png,FP-ID725-06146780086572.jpg,FP-ID725-06146780086695.png', '2016-07-06 10:27:48'),
(151, 724, 'cmt', 'no comments', '9', '2016/07/', 'CM-ID724-06146780996274.jpg', '2016-07-06 12:59:22'),
(152, 726, 'raw', '', '', '2016/07/', 'BP-ID726-07146788080843.jpg,BP-ID726-07146788080880.jpg', '2016-07-07 08:40:08'),
(153, 726, 'final', '', 'Admin Dipankar', '2016/07/', 'FP-ID726-07146788231677.jpg,FP-ID726-07146788231810.png,FP-ID726-07146788232049.jpg,FP-ID726-07146788232118.png', '2016-07-07 09:05:23'),
(154, 704, 'cmt', 'final image of 1st image by thomas ', '9', '2016/07/', 'CM-ID704-07146788767169.jpg', '2016-07-07 10:34:31'),
(155, 727, 'raw', '', '', '2016/07/', 'BP-ID727-07146789247054.JPG', '2016-07-07 11:54:30'),
(156, 727, 'final', '', 'Admin Dipankar', '2016/07/', 'FP-ID727-0714678934209.jpg,FP-ID727-07146789342285.png', '2016-07-07 12:10:24'),
(157, 728, 'raw', '', '', '2016/07/', 'BP-ID728-07146790339134.JPG,BP-ID728-07146790339145.JPG', '2016-07-07 14:56:31'),
(158, 728, 'final', '', 'Admin Dipankar', '2016/07/', 'FP-ID728-08146796469629.jpg,FP-ID728-08146796469720.JPG', '2016-07-08 07:58:18'),
(159, 728, 'cmt', 'final', '9', '2016/07/', 'CM-ID728-08146796474614.jpg,CM-ID728-08146796474647.JPG', '2016-07-08 07:59:06'),
(160, 729, 'raw', '', '', '2016/07/', 'BP-ID729-08146797066628.JPG', '2016-07-08 09:37:46'),
(161, 729, 'final', '', 'Admin Dipankar', '2016/07/', 'FP-ID729-08146797187977.jpg,FP-ID729-08146797188155.png', '2016-07-08 09:58:03'),
(162, 730, 'raw', '', '', '2016/07/', 'BP-ID730-08146797389712.pdf', '2016-07-08 10:31:37');

-- --------------------------------------------------------

--
-- Table structure for table `tb_company`
--

CREATE TABLE IF NOT EXISTS `tb_company` (
  `company_id` int(11) NOT NULL AUTO_INCREMENT,
  `company_name` varchar(255) NOT NULL,
  `company_logo` varchar(50) NOT NULL,
  `logo_path` varchar(100) NOT NULL,
  `company_creation` date NOT NULL,
  `assigned_client` int(25) NOT NULL COMMENT 'Client id of the Company',
  `company_status` enum('Active','InActive') NOT NULL DEFAULT 'Active',
  `company_delete` enum('Yes','No') NOT NULL DEFAULT 'No',
  `company_delete_on` date NOT NULL,
  PRIMARY KEY (`company_id`),
  UNIQUE KEY `company_id` (`company_id`)
) ENGINE=InnoDB  DEFAULT CHARSET=latin1 AUTO_INCREMENT=30 ;

--
-- Dumping data for table `tb_company`
--

INSERT INTO `tb_company` (`company_id`, `company_name`, `company_logo`, `logo_path`, `company_creation`, `assigned_client`, `company_status`, `company_delete`, `company_delete_on`) VALUES
(0, 'None', 'LOGO-ID10-07146788906898.jpg', 'company_logo/', '0000-00-00', 0, 'Active', 'No', '0000-00-00'),
(20, 'Din eiendom', 'LOGO-ID10-30146728577842.jpg', 'company_logo/', '2016-06-01', 10, 'Active', 'No', '0000-00-00'),
(21, 'S&oslash;rmegleren', 'LOGO-ID10-29146720531973.jpg', 'company_logo/', '2016-06-01', 10, 'Active', 'No', '0000-00-00'),
(22, 'A1_Eiendom', 'LOGO-ID10-30146728584230.jpg', 'company_logo/', '2016-06-01', 10, 'Active', 'No', '0000-00-00'),
(23, 'A1_Eiendom', 'LOGO-ID11-30146728586157.jpg', 'company_logo/', '2016-06-01', 11, 'Active', 'No', '0000-00-00'),
(24, 'Stray og vo', 'LOGO-ID11-30146728588693.JPG', 'company_logo/', '2016-06-01', 11, 'Active', 'No', '0000-00-00'),
(25, 'Din eiendom', 'LOGO-ID11-30146728581876.jpg', 'company_logo/', '2016-06-01', 11, 'Active', 'No', '0000-00-00'),
(26, 's&oslash;rmegleren', 'LOGO-ID11-29146720535435.jpg', 'company_logo/', '2016-06-01', 11, 'Active', 'No', '0000-00-00'),
(27, 'Stray og vo', 'LOGO-ID10-30146728591916.JPG', 'company_logo/', '2016-06-01', 10, 'Active', 'No', '0000-00-00'),
(28, 'Test Company', 'LOGO-ID28-07146789533816.JPG', 'company_logo/', '2016-07-04', 28, 'Active', 'No', '0000-00-00'),
(29, 'test', 'LOGO-ID28-07146789545215.JPG', 'company_logo/', '2016-07-07', 28, 'Active', 'No', '0000-00-00');

-- --------------------------------------------------------

--
-- Table structure for table `tb_final_img`
--

CREATE TABLE IF NOT EXISTS `tb_final_img` (
  `final_img_id` int(11) NOT NULL AUTO_INCREMENT,
  `final_image_name` varchar(40) NOT NULL,
  `prj_id` int(25) NOT NULL,
  `final_file_path` varchar(100) NOT NULL,
  `final_img_type` varchar(10) NOT NULL,
  `final_img_creation_time` timestamp NULL DEFAULT CURRENT_TIMESTAMP ON UPDATE CURRENT_TIMESTAMP,
  PRIMARY KEY (`final_img_id`)
) ENGINE=InnoDB  DEFAULT CHARSET=latin1 AUTO_INCREMENT=54 ;

--
-- Dumping data for table `tb_final_img`
--

INSERT INTO `tb_final_img` (`final_img_id`, `final_image_name`, `prj_id`, `final_file_path`, `final_img_type`, `final_img_creation_time`) VALUES
(4, 'FP-ID715-04146763422272.jpg', 715, '2016/07/', 'jpg', '2016-07-04 12:10:22'),
(5, 'FP-ID715-04146763445070.jpg', 715, '2016/07/', 'jpg', '2016-07-04 12:14:11'),
(6, 'FP-ID716-04146763918831.jpg', 716, '2016/07/', 'jpg', '2016-07-04 13:33:08'),
(7, 'FP-ID716-04146763918838.png', 716, '2016/07/', 'png', '2016-07-04 13:33:08'),
(8, 'FP-ID717-04146763934736.jpg', 717, '2016/07/', 'jpg', '2016-07-04 13:35:49'),
(9, 'FP-ID717-04146763934946.png', 717, '2016/07/', 'png', '2016-07-04 13:35:50'),
(10, 'FP-ID717-04146763935029.jpg', 717, '2016/07/', 'jpg', '2016-07-04 13:35:52'),
(11, 'FP-ID717-04146763935273.png', 717, '2016/07/', 'png', '2016-07-04 13:35:53'),
(12, 'FP-ID718-04146763948898.jpg', 718, '2016/07/', 'jpg', '2016-07-04 13:38:10'),
(13, 'FP-ID718-04146763949056.png', 718, '2016/07/', 'png', '2016-07-04 13:38:12'),
(14, 'FP-ID718-04146763949269.jpg', 718, '2016/07/', 'jpg', '2016-07-04 13:38:13'),
(15, 'FP-ID718-04146763949373.png', 718, '2016/07/', 'png', '2016-07-04 13:38:14'),
(16, 'FP-ID719-05146771036225.jpg', 719, '2016/07/', 'jpg', '2016-07-05 09:19:23'),
(17, 'FP-ID719-05146771036378.png', 719, '2016/07/', 'png', '2016-07-05 09:19:26'),
(18, 'FP-ID719-05146771036686.jpg', 719, '2016/07/', 'jpg', '2016-07-05 09:19:27'),
(19, 'FP-ID719-05146771036786.png', 719, '2016/07/', 'png', '2016-07-05 09:19:28'),
(20, 'FP-ID719-0514677103689.jpg', 719, '2016/07/', 'jpg', '2016-07-05 09:19:29'),
(21, 'FP-ID719-05146771036945.png', 719, '2016/07/', 'png', '2016-07-05 09:19:30'),
(22, 'FP-ID720-05146771180414.jpg', 720, '2016/07/', 'jpg', '2016-07-05 09:43:26'),
(23, 'FP-ID720-05146771180624.png', 720, '2016/07/', 'png', '2016-07-05 09:43:28'),
(24, 'FP-ID720-05146771180817.jpg', 720, '2016/07/', 'jpg', '2016-07-05 09:43:30'),
(25, 'FP-ID720-05146771181046.png', 720, '2016/07/', 'png', '2016-07-05 09:43:31'),
(26, 'FP-ID721-05146771576548.jpg', 721, '2016/07/', 'jpg', '2016-07-05 10:49:25'),
(27, 'FP-ID721-05146771576572.png', 721, '2016/07/', 'png', '2016-07-05 10:49:25'),
(28, 'FP-ID722-05146773014378.jpg', 722, '2016/07/', 'jpg', '2016-07-05 14:49:03'),
(29, 'FP-ID722-05146773014399.png', 722, '2016/07/', 'png', '2016-07-05 14:49:03'),
(30, 'FP-ID723-05146773128157.jpg', 723, '2016/07/', 'jpg', '2016-07-05 15:08:02'),
(31, 'FP-ID723-05146773128233.png', 723, '2016/07/', 'png', '2016-07-05 15:08:02'),
(32, 'FP-ID723-05146773128283.jpg', 723, '2016/07/', 'jpg', '2016-07-05 15:08:02'),
(33, 'FP-ID723-05146773128280.png', 723, '2016/07/', 'png', '2016-07-05 15:08:02'),
(34, 'FP-ID704-06146779361879.jpg', 704, '2016/07/', 'jpg', '2016-07-06 08:27:00'),
(35, 'FP-ID704-06146779362026.png', 704, '2016/07/', 'png', '2016-07-06 08:27:01'),
(36, 'FP-ID704-06146779362193.jpg', 704, '2016/07/', 'jpg', '2016-07-06 08:27:03'),
(37, 'FP-ID704-06146779362376.png', 704, '2016/07/', 'png', '2016-07-06 08:27:04'),
(38, 'FP-ID724-06146779562519.jpg', 724, '2016/07/', 'jpg', '2016-07-06 09:00:27'),
(39, 'FP-ID724-06146779562710.png', 724, '2016/07/', 'png', '2016-07-06 09:00:28'),
(40, 'FP-ID725-06146780086229.jpg', 725, '2016/07/', 'jpg', '2016-07-06 10:27:44'),
(41, 'FP-ID725-06146780086497.png', 725, '2016/07/', 'png', '2016-07-06 10:27:45'),
(42, 'FP-ID725-06146780086572.jpg', 725, '2016/07/', 'jpg', '2016-07-06 10:27:46'),
(43, 'FP-ID725-06146780086695.png', 725, '2016/07/', 'png', '2016-07-06 10:27:48'),
(44, 'FP-ID726-07146788231677.jpg', 726, '2016/07/', 'jpg', '2016-07-07 09:05:18'),
(45, 'FP-ID726-07146788231810.png', 726, '2016/07/', 'png', '2016-07-07 09:05:20'),
(46, 'FP-ID726-07146788232049.jpg', 726, '2016/07/', 'jpg', '2016-07-07 09:05:21'),
(47, 'FP-ID726-07146788232118.png', 726, '2016/07/', 'png', '2016-07-07 09:05:23'),
(48, 'FP-ID727-0714678934209.jpg', 727, '2016/07/', 'jpg', '2016-07-07 12:10:22'),
(49, 'FP-ID727-07146789342285.png', 727, '2016/07/', 'png', '2016-07-07 12:10:24'),
(50, 'FP-ID728-08146796469629.jpg', 728, '2016/07/', 'jpg', '2016-07-08 07:58:17'),
(51, 'FP-ID728-08146796469720.JPG', 728, '2016/07/', 'JPG', '2016-07-08 07:58:18'),
(52, 'FP-ID729-08146797187977.jpg', 729, '2016/07/', 'jpg', '2016-07-08 09:58:01'),
(53, 'FP-ID729-08146797188155.png', 729, '2016/07/', 'png', '2016-07-08 09:58:03');

-- --------------------------------------------------------

--
-- Table structure for table `tb_raw_img`
--

CREATE TABLE IF NOT EXISTS `tb_raw_img` (
  `raw_img_id` int(11) NOT NULL AUTO_INCREMENT,
  `prj_id_link` int(25) NOT NULL,
  `raw_img_name` varchar(40) NOT NULL,
  `raw_file_path` varchar(100) NOT NULL,
  `raw_creation_time` timestamp NULL DEFAULT NULL ON UPDATE CURRENT_TIMESTAMP,
  PRIMARY KEY (`raw_img_id`)
) ENGINE=InnoDB  DEFAULT CHARSET=latin1 AUTO_INCREMENT=126 ;

--
-- Dumping data for table `tb_raw_img`
--

INSERT INTO `tb_raw_img` (`raw_img_id`, `prj_id_link`, `raw_img_name`, `raw_file_path`, `raw_creation_time`) VALUES
(101, 715, 'BP-ID715-04146763363434.jpg', '2016/07/', '2016-07-04 12:00:36'),
(102, 716, 'BP-ID716-04146763533594.JPG', '2016/07/', '2016-07-04 12:28:55'),
(103, 717, 'BP-ID717-04146763640844.jpg', '2016/07/', '2016-07-04 12:46:48'),
(104, 717, 'BP-ID717-04146763640856.jpg', '2016/07/', '2016-07-04 12:46:48'),
(105, 718, 'BP-ID718-04146763831794.jpg', '2016/07/', '2016-07-04 13:18:37'),
(106, 718, 'BP-ID718-04146763831781.jpg', '2016/07/', '2016-07-04 13:18:37'),
(107, 719, 'BP-ID719-05146770778431.jpg', '2016/07/', '2016-07-05 08:36:25'),
(108, 719, 'BP-ID719-05146770778596.jpg', '2016/07/', '2016-07-05 08:36:29'),
(109, 719, 'BP-ID719-05146770778993.jpg', '2016/07/', '2016-07-05 08:36:33'),
(110, 720, 'BP-ID720-05146771057563.jpg', '2016/07/', '2016-07-05 09:22:55'),
(111, 720, 'BP-ID720-05146771057543.jpg', '2016/07/', '2016-07-05 09:22:55'),
(112, 721, 'BP-ID721-05146771452658.JPG', '2016/07/', '2016-07-05 10:28:46'),
(113, 722, 'BP-ID722-05146772498564.JPG', '2016/07/', '2016-07-05 13:23:05'),
(114, 723, 'BP-ID723-05146773028080.JPG', '2016/07/', '2016-07-05 14:51:20'),
(115, 723, 'BP-ID723-05146773028023.JPG', '2016/07/', '2016-07-05 14:51:20'),
(116, 724, 'BP-ID724-06146779390433.jpg', '2016/07/', '2016-07-06 08:31:44'),
(117, 725, 'BP-ID725-06146779901737.jpg', '2016/07/', '2016-07-06 09:56:57'),
(118, 725, 'BP-ID725-06146779901731.jpg', '2016/07/', '2016-07-06 09:56:57'),
(119, 726, 'BP-ID726-07146788080843.jpg', '2016/07/', '2016-07-07 08:40:08'),
(120, 726, 'BP-ID726-07146788080880.jpg', '2016/07/', '2016-07-07 08:40:08'),
(121, 727, 'BP-ID727-07146789247054.JPG', '2016/07/', '2016-07-07 11:54:30'),
(122, 728, 'BP-ID728-07146790339134.JPG', '2016/07/', '2016-07-07 14:56:31'),
(123, 728, 'BP-ID728-07146790339145.JPG', '2016/07/', '2016-07-07 14:56:31'),
(124, 729, 'BP-ID729-08146797066628.JPG', '2016/07/', '2016-07-08 09:37:46');

-- --------------------------------------------------------

--
-- Table structure for table `tb_raw_pdf`
--

CREATE TABLE IF NOT EXISTS `tb_raw_pdf` (
  `raw_pdf_id` int(11) NOT NULL AUTO_INCREMENT,
  `raw_pdf_name` varchar(60) NOT NULL,
  `raw_pdf_prj_id` int(60) NOT NULL,
  `raw_pdf_path` varchar(200) NOT NULL,
  `raw_pdf_creation_time` timestamp NOT NULL DEFAULT CURRENT_TIMESTAMP ON UPDATE CURRENT_TIMESTAMP,
  PRIMARY KEY (`raw_pdf_id`)
) ENGINE=MyISAM DEFAULT CHARSET=latin1 AUTO_INCREMENT=1 ;

-- --------------------------------------------------------

--
-- Table structure for table `tb_record`
--

CREATE TABLE IF NOT EXISTS `tb_record` (
  `prj_id` int(11) NOT NULL AUTO_INCREMENT,
  `project_name` varchar(255) NOT NULL,
  `blueprint` int(11) NOT NULL,
  `client_id` varchar(255) NOT NULL COMMENT 'name of clients',
  `company_id` varchar(255) DEFAULT NULL,
  `project_status` enum('Pending','Completed') NOT NULL DEFAULT 'Pending',
  `creation_time` date NOT NULL,
  `prj_finish_time` timestamp NULL DEFAULT NULL COMMENT 'Time When Project finalized',
  PRIMARY KEY (`prj_id`)
) ENGINE=InnoDB  DEFAULT CHARSET=latin1 AUTO_INCREMENT=731 ;

--
-- Dumping data for table `tb_record`
--

INSERT INTO `tb_record` (`prj_id`, `project_name`, `blueprint`, `client_id`, `company_id`, `project_status`, `creation_time`, `prj_finish_time`) VALUES
(1, 'Torvmoen 55', 1, '11', '0', 'Completed', '2016-02-01', NULL),
(2, 'Paulsen 61', 1, '10', '0', 'Completed', '2016-02-02', NULL),
(3, 'Mesanveien 34', 2, '10', '0', 'Completed', '2016-02-02', NULL),
(50, 'St olavs vei 13a', 1, '10', '0', 'Completed', '2015-11-02', NULL),
(51, '72-15-0085 Hestheivegen', 2, '10', '0', 'Completed', '2015-11-03', NULL),
(52, 'Bjelland', 2, '10', '0', 'Completed', '2015-11-03', NULL),
(53, 'Tolbodgaten 46503', 1, '10', '0', 'Completed', '2015-11-03', NULL),
(54, 'Topdalsveien 165', 2, '10', '0', 'Completed', '2015-11-03', NULL),
(55, 'Breimyrasen 54', 2, '10', '0', 'Completed', '2015-11-04', NULL),
(56, 'Hovedg?rdstunet 48', 1, '10', '0', 'Completed', '2015-11-04', NULL),
(57, 'Rodhettesvei 12', 3, '10', '0', 'Completed', '2015-11-04', NULL),
(58, 'Vigvollasen 12', 1, '10', '0', 'Completed', '2015-11-04', NULL),
(59, 'Nordtjonnveien 15e', 2, '10', '0', 'Completed', '2015-11-05', NULL),
(60, 'Stubben 35', 1, '10', '0', 'Completed', '2015-11-06', NULL),
(61, 'Vektergata 2', 3, '10', '0', 'Completed', '2015-11-09', NULL),
(62, 'Heptekjerrvegen 7b', 1, '10', '0', 'Completed', '2015-11-10', NULL),
(63, 'Rund?svegen 11', 2, '10', '0', 'Completed', '2015-11-10', NULL),
(64, 'Svarttj?nnheia 72a', 2, '10', '0', 'Completed', '2015-11-10', NULL),
(65, 'kronprinsens-1a', 4, '10', '0', 'Completed', '2015-11-11', NULL),
(66, 'Natveitasen 97', 1, '10', '0', 'Completed', '2015-11-11', NULL),
(67, 'Brandebakken2', 3, '10', '0', 'Completed', '2015-11-12', NULL),
(68, 'Odderhei terrasse 86', 2, '10', '0', 'Completed', '2015-11-12', NULL),
(69, 'Voieasen 32b', 2, '10', '0', 'Completed', '2015-11-12', NULL),
(70, 'Industrigata 3 ', 2, '10', '20', 'Completed', '2015-11-16', NULL),
(71, 'Kirkegaten 18', 1, '10', '0', 'Completed', '2015-11-16', NULL),
(72, 'Doblebakken 10', 4, '10', '0', 'Completed', '2015-11-17', NULL),
(73, 'Myrsvingen 17', 4, '10', '0', 'Completed', '2015-11-19', NULL),
(74, 'Kossevigheia 30C', 2, '11', '0', 'Completed', '2015-11-20', NULL),
(75, 'Engelshei 2', 2, '10', '0', 'Completed', '2015-11-23', NULL),
(76, 'Havreveien 20', 3, '10', '21', 'Completed', '2015-11-23', NULL),
(77, 'Heptekjerrvegen 7', 2, '10', '0', 'Completed', '2015-11-23', NULL),
(78, 'Nordasen terrasse 85', 1, '10', '21', 'Completed', '2015-11-23', NULL),
(79, 'Auglandsstien 25', 3, '10', '20', 'Completed', '2015-11-24', NULL),
(80, 'Fjellveien 4', 2, '11', '0', 'Completed', '2015-11-24', NULL),
(81, 'Gromheia 12', 2, '10', '0', 'Completed', '2015-11-24', NULL),
(82, 'Opplands veien 416', 2, '10', '0', 'Completed', '2015-11-24', NULL),
(83, 'Paulsen 61', 4, '10', '20', 'Completed', '2015-11-24', NULL),
(84, 'Kirkegata 50 Leil. 66 H0105', 1, '11', '0', 'Completed', '2015-11-25', NULL),
(85, 'Kvitefosslia 20a', 2, '10', '0', 'Completed', '2015-11-25', NULL),
(86, 'Leireheia 45', 3, '11', '0', 'Completed', '2015-11-25', NULL),
(87, 'Ovre Oksnevik 11', 2, '11', '0', 'Completed', '2015-11-25', NULL),
(88, 'Tjonnvollvegen 10D', 3, '11', '0', 'Completed', '2015-11-25', NULL),
(89, 'Bevervegen 7d', 2, '10', '0', 'Completed', '2015-11-26', NULL),
(90, 'Klingremoveien 33c', 2, '10', '21', 'Completed', '2015-11-26', NULL),
(91, 'Solheimvegen 30', 2, '10', '21', 'Completed', '2015-11-26', NULL),
(92, 'Gudbrandsdalen 8a', 2, '10', '0', 'Completed', '2015-11-30', NULL),
(93, 'Vollevegen 19', 2, '10', '0', 'Completed', '2015-11-30', NULL),
(94, 'Ovre Oksnevik 11', 2, '10', '22', 'Completed', '2015-11-26', NULL),
(100, 'B?rge trulss?nsgate 1', 2, '10', '0', 'Completed', '2015-12-01', NULL),
(101, 'Hundestien 3', 3, '10', '0', 'Completed', '2015-12-01', NULL),
(102, 'Peer gyntsveg 2', 1, '10', '21', 'Completed', '2015-12-02', NULL),
(103, 'R?dyrveien 18', 2, '10', '0', 'Completed', '2015-12-08', NULL),
(104, 'Gurines hage 80', 1, '10', '21', 'Completed', '2015-12-09', NULL),
(105, 'Noan christian gauslaasgate 8', 1, '10', '0', 'Completed', '2015-12-09', NULL),
(106, 'Str?get 46', 1, '10', '21', 'Completed', '2015-12-09', NULL),
(107, 'Konvalldalen 17', 1, '11', '0', 'Completed', '2015-12-11', NULL),
(108, 'Olav trygvasonsgt', 1, '10', '21', 'Completed', '2015-12-15', NULL),
(109, 'Torsbyvegen 3c', 1, '10', '21', 'Completed', '2015-12-15', NULL),
(110, 'Vigvoll?sen 16', 1, '10', '20', 'Completed', '2015-12-15', NULL),
(111, 'Revestien 25', 2, '10', '21', 'Completed', '2015-12-16', NULL),
(112, 'Nipelivegen 41', 1, '10', '0', 'Completed', '2015-12-17', NULL),
(113, 'Verasvegen 89', 2, '10', '21', 'Completed', '2015-12-17', NULL),
(114, 'Gsutestad', 2, '10', '22', 'Completed', '2015-12-18', NULL),
(115, 'Tobienborgveien 7', 1, '10', '20', 'Completed', '2015-12-21', NULL),
(116, 'Tangvallveien 58', 2, '10', '0', 'Completed', '2015-12-22', NULL),
(150, 'Brage vei 4', 1, '10', '0', 'Completed', '2016-01-04', NULL),
(151, 'Alefjaerveien 280', 3, '10', '0', 'Completed', '2016-01-05', NULL),
(152, 'Konvallveien 9c', 1, '10', '0', 'Completed', '2016-01-05', NULL),
(153, 'Heilosvingen 3', 2, '10', '20', 'Completed', '2016-01-06', NULL),
(154, 'Fossbekkveien 21', 1, '10', '21', 'Completed', '2016-01-07', NULL),
(155, 'Gislemyrveien 2B, 6etg', 1, '11', '0', 'Completed', '2016-01-07', NULL),
(156, 'Kilegaardveien 1', 2, '11', '0', 'Completed', '2016-01-07', NULL),
(157, 'Str?get 46', 2, '10', '21', 'Completed', '2016-01-07', NULL),
(158, 'Tegninger', 2, '10', '21', 'Completed', '2016-01-08', NULL),
(159, 'Klipperveien 110', 2, '10', '0', 'Completed', '2016-01-11', NULL),
(160, 'Lognevegen 887', 2, '11', '0', 'Completed', '2016-01-11', NULL),
(161, 'Dvale 47', 2, '10', '0', 'Completed', '2016-01-12', NULL),
(162, 'Gudmund brygge 9', 1, '10', '21', 'Completed', '2016-01-13', NULL),
(163, 'Berhusveien 61', 2, '10', '0', 'Completed', '2016-01-14', NULL),
(164, 'Askekjerran 9', 2, '11', '0', 'Completed', '2016-01-15', NULL),
(165, 'Messelveien 48', 1, '11', '0', 'Completed', '2016-01-15', NULL),
(166, 'Binabbgaten 18', 2, '11', '0', 'Completed', '2016-01-18', NULL),
(167, 'Hammerveien 10b', 2, '10', '0', 'Completed', '2016-01-18', NULL),
(168, 'Engelshei 21', 2, '10', '20', 'Completed', '2016-01-19', NULL),
(169, 'Fidjemoen 33', 3, '10', '20', 'Completed', '2016-01-19', NULL),
(170, 'Hammerveien 10b', 1, '10', '20', 'Completed', '2016-01-19', NULL),
(171, 'Smiheia 46', 2, '10', '20', 'Completed', '2016-01-19', NULL),
(172, 'Svalaskjerran 79', 4, '10', '20', 'Completed', '2016-01-19', NULL),
(173, 'Olav Trygvasons Vei 6D 1etg', 1, '11', '0', 'Completed', '2016-01-20', NULL),
(174, 'Gragasveien 45A', 1, '11', '0', 'Completed', '2016-01-25', NULL),
(175, 'Riskestien 16A', 2, '11', '0', 'Completed', '2016-01-25', NULL),
(176, 'Lerkeveien 16b', 3, '10', '0', 'Completed', '2016-01-26', NULL),
(177, 'haumyrveien 6', 2, '10', '20', 'Completed', '2016-01-27', NULL),
(178, 'Musseronstien 7A', 1, '11', '0', 'Completed', '2016-01-27', NULL),
(179, 'Sentrumsvegen 26', 1, '10', '21', 'Completed', '2016-01-27', NULL),
(180, 'Haumyrveien 6', 1, '10', '20', 'Completed', '2016-01-28', NULL),
(277, 'Jorgen Bangs Gt. 11', 1, '11', '0', 'Completed', '2016-02-03', NULL),
(280, 'Lillefjell terrasse 31b', 2, '10', '21', 'Completed', '2016-02-03', NULL),
(282, 'Hasselbakken 16', 2, '10', '0', 'Completed', '2016-02-03', NULL),
(283, 'Furulia 2', 2, '11', '0', 'Completed', '2016-02-03', NULL),
(284, 'se vedlegg', 1, '10', '0', 'Completed', '2016-02-03', NULL),
(285, 'BlÃ¥bÃ¦rÃ¥sen 39-49/revidert 3 etg', 1, '10', '0', 'Completed', '2016-02-03', NULL),
(286, 'Granlivegen 56', 2, '10', '21', 'Completed', '2016-02-04', NULL),
(287, 'Auravegen 22b', 3, '10', '21', 'Completed', '2016-02-04', NULL),
(288, 'Torvgada 3', 1, '10', '20', 'Completed', '2016-02-04', NULL),
(289, 'Skolegata 19D', 1, '11', '0', 'Completed', '2016-02-04', NULL),
(290, 'Breimyrveien 247', 1, '11', '0', 'Completed', '2016-02-04', NULL),
(292, 'Pramveien 35', 2, '10', '20', 'Completed', '2016-02-05', NULL),
(293, 'Nordasen terrasse 107', 2, '10', '21', 'Completed', '2016-02-05', NULL),
(294, 'Vagsbygd ringvei 32b', 2, '10', '20', 'Completed', '2016-02-05', NULL),
(295, 'Kirsten Flagstads Vei 77', 2, '11', '0', 'Completed', '2016-02-05', NULL),
(296, 'Hamresandveien 7', 1, '11', '0', 'Completed', '2016-02-05', NULL),
(297, 'Odderheisloyfen 62', 1, '11', '0', 'Completed', '2016-02-05', NULL),
(298, 'Heldalskleiva 1', 2, '11', '0', 'Completed', '2016-02-04', NULL),
(299, 'SvalÃ¥svegen 72f', 1, '10', '20', 'Completed', '2016-02-08', NULL),
(300, 'Frikstadveien 112', 2, '11', '0', 'Completed', '2016-02-08', NULL),
(301, 'Movikbakken 1a', 2, '10', '0', 'Completed', '2016-02-09', NULL),
(302, 'Tommerasen 31', 2, '10', '0', 'Completed', '2016-02-09', NULL),
(303, 'Holleveien 44D', 1, '11', '0', 'Completed', '2016-02-09', NULL),
(304, 'Kjerrheia 8D', 1, '11', '0', 'Completed', '2016-02-09', NULL),
(305, 'Alkeveien 43B', 1, '11', '0', 'Completed', '2016-02-10', NULL),
(306, 'Prestmyrvegen 16', 2, '10', '22', 'Completed', '2016-02-10', NULL),
(308, 'Morkelstien 24', 2, '11', '0', 'Completed', '2016-02-11', NULL),
(309, 'Alkeveien 43B', 1, '11', '0', 'Completed', '2016-02-11', NULL),
(310, 'SalverÃ¸dheia 49', 2, '10', '21', 'Completed', '2016-02-11', NULL),
(311, 'Storgata 50 b-503', 1, '10', '21', 'Completed', '2016-02-11', NULL),
(312, 'Koldalsvegen 2B', 1, '11', '0', 'Completed', '2016-02-11', NULL),
(313, 'Lianvegen 1E', 1, '11', '0', 'Completed', '2016-02-11', NULL),
(314, 'BlÃ¥meisvegen 14', 3, '10', '20', 'Completed', '2016-02-12', NULL),
(315, 'Sildenestangen 49', 3, '10', '20', 'Completed', '2016-02-12', NULL),
(316, 'Svaleveien 18b', 2, '10', '20', 'Completed', '2016-02-15', NULL),
(318, 'Hestelia 7 ', 2, '10', '21', 'Completed', '2016-02-16', NULL),
(319, 'Roresanden 295', 3, '10', '21', 'Completed', '2016-02-16', NULL),
(320, 'Hausbakken 50', 2, '11', '0', 'Completed', '2016-02-16', NULL),
(321, 'Blameisvegen 28', 2, '10', '21', 'Completed', '2016-02-16', NULL),
(322, 'Skyllingsheia', 2, '10', '0', 'Completed', '2016-02-17', NULL),
(323, 'Torvmoen 73', 2, '11', '24', 'Completed', '2016-02-17', NULL),
(324, 'Graslijordet 31g', 1, '10', '21', 'Completed', '2016-02-18', NULL),
(325, 'Stromme terrasse 57', 2, '10', '20', 'Completed', '2016-02-18', NULL),
(326, 'Osterveien 53A', 1, '11', '25', 'Completed', '2016-02-18', NULL),
(327, 'Kristian 4desgt 48', 1, '10', '20', 'Completed', '2016-02-22', NULL),
(328, 'Solliveien 31', 1, '10', '20', 'Completed', '2016-02-22', NULL),
(329, 'Ã˜sterveien 48a', 1, '10', '20', 'Completed', '2016-02-23', NULL),
(330, 'Mabo Lillesand', 2, '11', '26', 'Completed', '2016-02-23', NULL),
(331, 'Limoen 23', 2, '11', '26', 'Completed', '2016-02-23', NULL),
(332, 'Bellevue 19', 2, '11', '26', 'Completed', '2016-02-23', NULL),
(333, 'Hausbakken 50', 1, '11', '0', 'Completed', '2016-02-24', NULL),
(335, 'Holreveirn 2', 4, '10', '21', 'Completed', '2016-02-24', NULL),
(338, 'Stolvsvei 15c', 1, '10', '20', 'Completed', '2016-02-24', NULL),
(339, 'Nordaasveien 67', 2, '11', '26', 'Completed', '2016-02-25', NULL),
(340, 'SkolegÃ¥rden b1 201', 1, '10', '21', 'Completed', '2016-02-25', NULL),
(341, 'Guldman Brygge 10 3etg', 1, '11', '26', 'Completed', '2016-02-26', NULL),
(342, 'Krossen Lillesand', 4, '11', '26', 'Completed', '2016-02-29', NULL),
(343, 'Bregneveien 10a', 3, '10', '20', 'Completed', '2016-02-29', NULL),
(344, 'Nedre Hausland 61', 2, '10', '21', 'Completed', '2016-02-29', NULL),
(345, 'Tonnevoldsgstw 30a 205', 1, '10', '21', 'Completed', '2016-02-29', NULL),
(346, 'Tonnevoldsgate 306 30a', 1, '10', '21', 'Completed', '2016-02-29', NULL),
(347, 'Tjonnelia 21', 2, '11', '24', 'Completed', '2016-02-29', NULL),
(348, 'Geiteraasen 22', 2, '11', '0', 'Completed', '2016-02-29', NULL),
(349, 'Gangdalen 18b', 1, '10', '20', 'Completed', '2016-02-29', NULL),
(350, 'Rolltoppen 12', 1, '11', '0', 'Completed', '2016-03-01', NULL),
(351, 'Stedjejuvet 29', 2, '11', '0', 'Completed', '2016-03-01', NULL),
(352, 'HÃ¸yskolevegen 44', 2, '10', '20', 'Completed', '2016-03-01', NULL),
(353, 'Austre-Vestre Hola 160', 2, '11', '0', 'Completed', '2016-03-01', NULL),
(354, 'Rebbaasvegen 21', 1, '11', '0', 'Completed', '2016-03-02', NULL),
(355, 'Setesdalsbanen 71d', 1, '10', '20', 'Completed', '2016-03-02', NULL),
(356, 'Odderhei platÃ¥ 2', 2, '10', '20', 'Completed', '2016-03-02', NULL),
(357, 'NatveitÃ¥sen', 2, '10', '0', 'Completed', '2016-03-02', NULL),
(358, 'Moyveien 3b', 1, '10', '21', 'Completed', '2016-03-03', NULL),
(359, 'Teisendal 5', 2, '10', '21', 'Completed', '2016-03-03', NULL),
(360, 'Kjerrheia 11 3etg', 1, '11', '0', 'Completed', '2016-03-04', NULL),
(361, 'Prestmyrvegen 44', 2, '10', '22', 'Completed', '2016-03-07', NULL),
(362, 'Stubben 34', 2, '11', '0', 'Completed', '2016-03-07', NULL),
(363, 'Kinoveien', 1, '10', '0', 'Completed', '2016-03-07', NULL),
(364, 'Tingsakerlia 4', 2, '10', '21', 'Completed', '2016-03-07', NULL),
(365, 'Hestheivegen 13b', 2, '10', '21', 'Completed', '2016-03-07', NULL),
(366, 'Nygata 5 H0103', 2, '11', '0', 'Completed', '2016-03-07', NULL),
(367, 'Hyllelia 22a', 3, '10', '20', 'Completed', '2016-03-07', NULL),
(368, 'Stubben 34', 2, '10', '22', 'Completed', '2016-03-08', NULL),
(369, 'Nedre Hausland 33', 2, '10', '20', 'Completed', '2016-03-08', NULL),
(370, 'SvarttjÃ¸nnheia 23', 2, '10', '20', 'Completed', '2016-03-08', NULL),
(371, 'Prestmyrvegen 44', 2, '10', '21', 'Completed', '2016-03-08', NULL),
(372, 'Veslefrikkveien 17b', 2, '10', '20', 'Completed', '2016-03-09', NULL),
(373, 'Tollekleiv 1', 2, '10', '21', 'Completed', '2016-03-09', NULL),
(374, 'Hommedalsskogen 79', 2, '10', '21', 'Completed', '2016-03-10', NULL),
(375, 'Storgata b3-201', 1, '10', '21', 'Completed', '2016-03-10', NULL),
(376, 'Pramveien 35', 2, '10', '20', 'Completed', '2016-03-10', NULL),
(377, 'Ronatoppen 35d', 1, '10', '20', 'Completed', '2016-03-10', NULL),
(378, 'SvarttjÃ¸nnheia 23', 1, '10', '20', 'Completed', '2016-03-11', NULL),
(379, 'storgaten 50', 2, '10', '21', 'Completed', '2016-03-11', NULL),
(380, 'Lundevegen 50', 1, '10', '20', 'Completed', '2016-03-11', NULL),
(381, 'Nordre hovedgÃ¥rdsvei 27b', 1, '10', '20', 'Completed', '2016-03-11', NULL),
(382, 'Vollevegen 69 stray og co', 2, '10', '0', 'Completed', '2016-03-11', NULL),
(383, 'RundatjÃ¸nna 17', 1, '10', '22', 'Completed', '2016-03-14', NULL),
(384, 'Hammerstien 4', 2, '10', '20', 'Completed', '2016-03-14', NULL),
(385, 'Kirkegaten 34', 2, '10', '21', 'Completed', '2016-03-14', NULL),
(386, 'Skeipners vei 17', 3, '10', '20', 'Completed', '2016-03-15', NULL),
(387, 'Tjonnvollvegen 3a', 2, '10', '21', 'Completed', '2016-03-15', NULL),
(390, 'Torsbyvegen 16 3c', 1, '10', '21', 'Completed', '2016-03-16', NULL),
(391, 'Arenfeldtsvei 20a', 3, '10', '20', 'Completed', '2016-03-17', NULL),
(392, 'Ã˜stre strandgate 49', 1, '10', '22', 'Completed', '2016-03-17', NULL),
(393, 'Ganfsalsveien 1e', 2, '10', '20', 'Completed', '2016-03-18', NULL),
(394, 'Norde Vardaasen 11C', 2, '11', '26', 'Completed', '2016-03-18', NULL),
(395, 'Holmen 52', 2, '11', '0', 'Completed', '2016-03-21', NULL),
(396, 'Brennaasmoen 47B', 2, '11', '0', 'Completed', '2016-03-21', NULL),
(397, 'Langhaven 1B', 1, '11', '26', 'Completed', '2016-03-22', NULL),
(398, 'Tingsakerlia 8', 2, '11', '26', 'Completed', '2016-03-22', NULL),
(399, 'Torsbyvegen 16', 1, '11', '26', 'Completed', '2016-03-23', NULL),
(400, 'Mollevannsveien 93', 2, '11', '0', 'Completed', '2016-03-23', NULL),
(401, 'Magnus Barfots Vei 4B', 2, '11', '25', 'Completed', '2016-03-30', NULL),
(402, 'Hellemyraasen 62', 2, '11', '25', 'Completed', '2016-03-30', NULL),
(403, 'Ostre Ringvei 51B', 1, '11', '0', 'Completed', '2016-03-30', NULL),
(404, 'Bordalen 20B', 3, '11', '25', 'Completed', '2016-03-30', NULL),
(405, 'Ausviga 36', 2, '11', '0', 'Completed', '2016-03-30', NULL),
(406, 'Langenesveien 113', 3, '11', '25', 'Completed', '2016-03-31', NULL),
(407, 'Kirkegaten 50', 1, '10', '20', 'Completed', '2016-03-31', NULL),
(408, 'Snarveien 20', 2, '11', '26', 'Completed', '2016-03-31', NULL),
(409, 'Hellemyr Terrasse 11', 3, '11', '24', 'Completed', '2016-03-31', NULL),
(410, 'Auglandsveien 9', 3, '10', '20', 'Completed', '2016-03-31', NULL),
(411, 'BordalslÃ¸yfen 16', 2, '10', '20', 'Completed', '2016-03-31', NULL),
(412, 'Oddernesveien 58', 1, '11', '0', 'Completed', '2016-03-31', NULL),
(413, 'Furufjell 1', 1, '10', '21', 'Completed', '2016-03-31', NULL),
(414, 'Dvergsnesaasen 54', 3, '11', '24', 'Completed', '2016-03-31', NULL),
(415, 'Moneheia 27b', 1, '10', '21', 'Completed', '2016-03-31', NULL),
(416, 'SkilÃ¸ypevegen', 2, '10', '22', 'Completed', '2016-04-01', NULL),
(417, 'SolhÃ¸gda 30', 2, '10', '21', 'Completed', '2016-04-01', NULL),
(418, 'MÃ¸lleveien 2c', 1, '10', '21', 'Completed', '2016-04-01', NULL),
(419, 'Kornblomstveien 42', 2, '11', '0', 'Completed', '2016-04-01', NULL),
(420, 'Reddalsveien 218', 2, '11', '26', 'Completed', '2016-04-01', NULL),
(421, 'Gjelsmoveien 21', 1, '11', '26', 'Completed', '2016-04-01', NULL),
(422, 'Hellemyr Terrasse 11', 3, '11', '24', 'Completed', '2016-04-04', NULL),
(423, 'Rypeveien 15C', 2, '11', '26', 'Completed', '2016-04-04', NULL),
(424, 'Napetroveien 1', 2, '11', '26', 'Completed', '2016-04-04', NULL),
(425, 'Heiselflaten 9', 2, '11', '26', 'Completed', '2016-04-04', NULL),
(426, 'Johan Markussen vei 24', 2, '10', '21', 'Completed', '2016-04-04', NULL),
(427, 'FjÃ¦reveien 295', 2, '10', '21', 'Completed', '2016-04-05', NULL),
(428, 'Krossemyrveien 20', 1, '11', '0', 'Completed', '2016-04-05', NULL),
(429, 'Sleipnersvei 16b', 3, '10', '20', 'Completed', '2016-04-05', NULL),
(430, 'Furuvegen 10', 2, '10', '0', 'Completed', '2016-04-06', NULL),
(431, 'Lundevegen 50', 1, '11', '26', 'Completed', '2016-04-06', NULL),
(432, 'Nikkelveien 7', 1, '11', '0', 'Completed', '2016-04-06', NULL),
(433, 'Spelefjellveien 6', 1, '11', '26', 'Completed', '2016-04-07', NULL),
(434, 'Frillestad', 2, '11', '26', 'Completed', '2016-04-07', NULL),
(435, 'Blomsterenga 21', 2, '11', '0', 'Completed', '2016-04-07', NULL),
(436, 'Nordli 6A', 2, '11', '26', 'Completed', '2016-04-07', NULL),
(437, 'Grongjelet 26', 2, '11', '0', 'Completed', '2016-04-07', NULL),
(438, 'Gislemyrveien 4B', 1, '11', '24', 'Completed', '2016-04-08', NULL),
(439, 'Hartmann', 1, '10', '20', 'Completed', '2016-04-08', NULL),
(440, 'Reddalsveien 320', 2, '10', '0', 'Completed', '2016-04-08', NULL),
(441, 'Venneslavegen 415', 2, '10', '21', 'Completed', '2016-04-11', NULL),
(442, 'Boen 9', 1, '11', '25', 'Completed', '2016-04-11', NULL),
(443, 'TvidÃ¸blane 48', 3, '10', '21', 'Completed', '2016-04-11', NULL),
(444, 'Gaupemyr 5', 2, '11', '26', 'Completed', '2016-04-11', NULL),
(445, 'Pallanevegen 38', 3, '10', '20', 'Completed', '2016-04-11', NULL),
(446, 'Briggveien 19E', 1, '11', '25', 'Completed', '2016-04-11', NULL),
(447, 'Briggveien 19E', 1, '11', '25', 'Completed', '2016-04-12', NULL),
(448, 'Sandbakken 14', 1, '11', '26', 'Completed', '2016-04-12', NULL),
(449, 'MÃ¦bÃ¸', 2, '10', '21', 'Completed', '2016-04-12', NULL),
(450, 'Vardegaten 5', 2, '11', '26', 'Completed', '2016-04-12', NULL),
(451, 'Kleivstykket 15', 2, '10', '21', 'Completed', '2016-04-12', NULL),
(452, 'BorgÃ¥sen', 2, '10', '21', 'Completed', '2016-04-12', NULL),
(453, 'Ringveien 46', 2, '11', '26', 'Completed', '2016-04-12', NULL),
(454, 'Ostregate', 1, '10', '21', 'Completed', '2016-04-13', NULL),
(456, 'Tryms vei 10', 1, '10', '20', 'Completed', '2016-04-13', NULL),
(457, 'Kroken 22', 1, '11', '26', 'Completed', '2016-04-13', NULL),
(458, 'Kroken 34', 3, '11', '26', 'Completed', '2016-04-14', NULL),
(459, 'Kirsten park d402', 1, '10', '0', 'Completed', '2016-04-14', NULL),
(460, 'Kroken 22', 1, '11', '26', 'Completed', '2016-04-14', NULL),
(461, 'Hoegliveien 6', 2, '10', '21', 'Completed', '2016-04-14', NULL),
(462, 'BorÃ¸ya', 2, '10', '20', 'Completed', '2016-04-14', NULL),
(463, 'Tregdeveieb 305', 1, '10', '20', 'Completed', '2016-04-14', NULL),
(464, 'Kjos Ringvei 1B', 1, '11', '24', 'Completed', '2016-04-14', NULL),
(465, 'Eigemyrveien 15', 2, '10', '20', 'Completed', '2016-04-15', NULL),
(466, 'Lia 45', 2, '10', '21', 'Completed', '2016-04-18', NULL),
(467, 'Klima 4', 2, '10', '21', 'Completed', '2016-04-18', NULL),
(468, 'mÃ¸lleveien 4d', 1, '10', '21', 'Completed', '2016-04-18', NULL),
(469, 'SÃ¸ndre vardÃ¥sen 82', 2, '10', '21', 'Completed', '2016-04-18', NULL),
(470, 'Sonningsvegen 2C', 2, '11', '26', 'Completed', '2016-04-18', NULL),
(471, 'Andreas Kjaers Vei 54', 1, '11', '0', 'Completed', '2016-04-19', NULL),
(472, 'Voie 5', 2, '10', '20', 'Completed', '2016-04-19', NULL),
(473, 'Marcus Thranesveg 5', 3, '11', '26', 'Completed', '2016-04-19', NULL),
(474, 'JÃ¸rgen bangsgate 1', 1, '10', '21', 'Completed', '2016-04-19', NULL),
(475, 'Bordalsbakken 22', 2, '11', '25', 'Completed', '2016-04-19', NULL),
(476, 'Lundevegen 20', 1, '10', '21', 'Completed', '2016-04-19', NULL),
(477, 'Kirsten flagstads vei 103a', 1, '10', '20', 'Completed', '2016-04-19', NULL),
(478, 'Kongshavn 94', 2, '11', '24', 'Completed', '2016-04-19', NULL),
(479, 'Stoheia 34', 2, '11', '0', 'Completed', '2016-04-20', NULL),
(480, 'Brattvoll platÃ¥ 24', 2, '10', '20', 'Completed', '2016-04-20', NULL),
(481, 'Lundevegen 38c', 1, '10', '20', 'Completed', '2016-04-20', NULL),
(482, 'Skytterveien 4', 2, '11', '0', 'Completed', '2016-04-20', NULL),
(483, 'Tveit 42', 2, '10', '21', 'Completed', '2016-04-20', NULL),
(484, 'Skolegata 12d', 2, '10', '0', 'Completed', '2016-04-21', NULL),
(485, 'Trollsvingen 15', 3, '11', '26', 'Completed', '2016-04-21', NULL),
(486, 'Rosslyngstien 82', 2, '11', '24', 'Completed', '2016-04-21', NULL),
(487, 'Tjonnemyra 27', 3, '11', '0', 'Completed', '2016-04-21', NULL),
(488, 'Nordli 14', 2, '10', '0', 'Completed', '2016-04-21', NULL),
(489, 'Ravnevegen 51', 2, '10', '21', 'Completed', '2016-04-22', NULL),
(490, 'BlÃ¥bÃ¦rsvingen 7', 3, '10', '20', 'Completed', '2016-04-22', NULL),
(491, 'SkaiÃ¥lia 2', 2, '11', '26', 'Completed', '2016-04-22', NULL),
(492, 'Skolegata 23', 2, '10', '0', 'Completed', '2016-04-22', NULL),
(493, 'Ostre Strandgate 60', 2, '11', '24', 'Completed', '2016-04-22', NULL),
(494, 'Vrageviga', 2, '11', '0', 'Completed', '2016-04-22', NULL),
(495, 'Tuftene 4', 2, '10', '21', 'Completed', '2016-04-25', NULL),
(496, 'SkolegÃ¥rden b1-103', 1, '10', '21', 'Completed', '2016-04-25', NULL),
(497, 'Fidjeaasen 20 3etg', 1, '11', '0', 'Completed', '2016-04-25', NULL),
(498, 'SkolegÃ¥rden b2-201', 1, '10', '21', 'Completed', '2016-04-25', NULL),
(499, 'Koleknibvegen 24', 1, '11', '24', 'Completed', '2016-04-25', NULL),
(500, 'Hommelia 121', 1, '11', '24', 'Completed', '2016-04-25', NULL),
(501, 'Hommelia 121', 1, '11', '24', 'Completed', '2016-04-26', NULL),
(502, 'Hamreheia 5c', 2, '10', '20', 'Completed', '2016-04-26', NULL),
(503, 'TÃ¸mmerÃ¥sen 26c', 3, '10', '20', 'Completed', '2016-04-26', NULL),
(504, 'Austre-vestre hola 29', 2, '10', '22', 'Completed', '2016-04-26', NULL),
(505, 'Kvitefosslia 3', 1, '10', '22', 'Completed', '2016-04-26', NULL),
(506, 'TakhomtjÃ¸nnveien 1', 2, '10', '22', 'Completed', '2016-04-26', NULL),
(507, 'Homborsundveien 87', 2, '10', '21', 'Completed', '2016-04-27', NULL),
(508, 'Gruvestien 11B', 3, '11', '0', 'Completed', '2016-04-27', NULL),
(509, 'Nygata 7a', 1, '10', '21', 'Completed', '2016-04-27', NULL),
(510, 'Blomstervegen 9', 3, '10', '27', 'Completed', '2016-04-27', NULL),
(511, 'Auraveien 21D', 1, '11', '26', 'Completed', '2016-04-27', NULL),
(512, 'Kirkegata 54', 1, '11', '0', 'Completed', '2016-04-27', NULL),
(513, 'LÃ¸haugen 16', 2, '10', '20', 'Completed', '2016-04-27', NULL),
(514, 'Livegen 4D', 1, '11', '26', 'Completed', '2016-04-27', NULL),
(515, 'Bokfinkeien 44', 2, '10', '20', 'Completed', '2016-04-27', NULL),
(516, 'Torjus hansensvei 15', 1, '10', '21', 'Completed', '2016-04-28', NULL),
(517, 'Gullsmedgata 1', 2, '10', '21', 'Completed', '2016-04-28', NULL),
(518, 'Tangen 42', 1, '10', '20', 'Completed', '2016-04-28', NULL),
(519, 'Torridalsveien 104b', 2, '10', '20', 'Completed', '2016-04-28', NULL),
(520, 'Torridalsvegen 460', 3, '11', '0', 'Completed', '2016-04-29', NULL),
(521, 'Vigeveien 16h', 2, '10', '20', 'Completed', '2016-04-29', NULL),
(522, 'Eldsnesvegen 12', 1, '11', '0', 'Completed', '2016-04-29', NULL),
(523, 'Myrsvingen 23', 2, '10', '21', 'Completed', '2016-05-02', NULL),
(524, 'Kobberveien 11', 1, '11', '24', 'Completed', '2016-05-02', NULL),
(525, 'Palladiumsveien 40D', 1, '11', '0', 'Completed', '2016-05-02', NULL),
(526, 'Bukken bruses vei 64', 2, '10', '27', 'Completed', '2016-05-02', NULL),
(527, 'Brinken 27b', 2, '10', '20', 'Completed', '2016-05-02', NULL),
(528, 'Salverodheia 9', 2, '11', '26', 'Completed', '2016-05-02', NULL),
(529, 'RundÃ¥slia 16', 2, '10', '20', 'Completed', '2016-05-02', NULL),
(530, 'Sildenestangen 111', 2, '11', '0', 'Completed', '2016-05-02', NULL),
(531, 'Blyveien 3D', 1, '11', '24', 'Completed', '2016-05-03', NULL),
(532, 'RÃ¥dhusveien 73', 1, '10', '20', 'Completed', '2016-05-03', NULL),
(533, 'Viggo Ullmans Vei 5', 2, '11', '26', 'Completed', '2016-05-03', NULL),
(534, 'Skuteveien 8A', 1, '11', '0', 'Completed', '2016-05-03', NULL),
(536, 'Nordtjonnveien 42', 2, '10', '20', 'Completed', '2016-05-03', NULL),
(537, 'Elgstien 56', 2, '10', '20', 'Completed', '2016-05-03', NULL),
(538, 'Koleknibvegen 24E', 1, '11', '24', 'Completed', '2016-05-04', NULL),
(539, 'Marcus Thranes Veg 5', 2, '11', '26', 'Completed', '2016-05-04', NULL),
(540, 'Bellevue 14', 2, '10', '0', 'Completed', '2016-05-04', NULL),
(541, 'ToraldÃ¥sen 48 ', 3, '10', '21', 'Completed', '2016-05-04', NULL),
(542, 'Tors Gate 4A', 2, '11', '0', 'Completed', '2016-05-04', NULL),
(543, 'Smiedalen 13A', 1, '11', '0', 'Completed', '2016-05-04', NULL),
(544, 'Tangvikveien 77', 1, '10', '21', 'Completed', '2016-05-04', NULL),
(545, 'Brandetoppen 4', 2, '10', '21', 'Completed', '2016-05-04', NULL),
(546, 'Dyviga 3', 1, '11', '0', 'Completed', '2016-05-05', NULL),
(547, 'Holmen 1', 2, '11', '23', 'Completed', '2016-05-05', NULL),
(548, 'Stoheia 43', 1, '11', '0', 'Completed', '2016-05-06', NULL),
(549, 'Moneveien 21', 2, '10', '21', 'Completed', '2016-05-06', NULL),
(550, 'Ekornveien 4', 2, '10', '21', 'Completed', '2016-05-06', NULL),
(551, 'Ã˜vregate 28a', 1, '10', '21', 'Completed', '2016-05-06', NULL),
(552, 'Ostre Moaasen 56', 2, '11', '26', 'Completed', '2016-05-09', NULL),
(553, 'Kileheia 118', 1, '11', '0', 'Completed', '2016-05-09', NULL),
(554, 'Moseidstranda 11', 2, '11', '26', 'Completed', '2016-05-09', NULL),
(555, 'KleppekjÃ¦rveien 16', 3, '10', '21', 'Completed', '2016-05-09', NULL),
(556, 'Gruvestien 7c', 2, '10', '20', 'Completed', '2016-05-09', NULL),
(557, 'Dvergsnesknatten 1', 2, '11', '0', 'Completed', '2016-05-10', NULL),
(558, 'Blokkhusgata 11', 1, '10', '27', 'Completed', '2016-05-10', NULL),
(559, 'Dallobaveien 43', 3, '10', '20', 'Completed', '2016-05-10', NULL),
(560, 'Faamyrkollen 24', 1, '11', '24', 'Completed', '2016-05-10', NULL),
(561, 'Gamle Mandalsvei 21', 1, '11', '0', 'Completed', '2016-05-10', NULL),
(562, 'BiestÃ¸a 4', 3, '10', '21', 'Completed', '2016-05-11', NULL),
(563, 'BergstÃ¸ 36', 2, '10', '0', 'Completed', '2016-05-11', NULL),
(564, 'Hasselvalkwb 21a', 3, '10', '20', 'Completed', '2016-05-11', NULL),
(565, 'Ã…lefjÃ¦rveien 523', 2, '10', '0', 'Completed', '2016-05-11', NULL),
(566, 'Ã˜vreberg 3a', 2, '10', '20', 'Completed', '2016-05-12', NULL),
(567, 'Osterveien 40', 3, '11', '24', 'Completed', '2016-05-12', NULL),
(568, 'Sovigneset 15', 1, '11', '0', 'Completed', '2016-05-12', NULL),
(569, 'Volleveien 67', 2, '10', '21', 'Completed', '2016-05-13', NULL),
(570, 'Solhogda 2A', 2, '11', '26', 'Completed', '2016-05-13', NULL),
(571, 'Solhogda 2B', 1, '11', '26', 'Completed', '2016-05-13', NULL),
(572, 'Aasveien 20', 2, '11', '26', 'Completed', '2016-05-13', NULL),
(573, 'Hesteholun 2', 1, '11', '23', 'Completed', '2016-05-16', NULL),
(574, 'Ã˜rnefjell 75', 3, '10', '21', 'Completed', '2016-05-18', NULL),
(575, 'Bark sillas vei 8', 1, '10', '21', 'Completed', '2016-05-18', NULL),
(576, 'Meboe Lillesand', 2, '11', '26', 'Completed', '2016-05-18', NULL),
(577, 'Svarttjonnheia 164', 2, '11', '24', 'Completed', '2016-05-18', NULL),
(578, 'Guldmann Brygge 9 5th', 1, '11', '26', 'Completed', '2016-05-19', NULL),
(579, 'Gragasveien 30A', 2, '11', '0', 'Completed', '2016-05-19', NULL),
(580, 'Artillerivollen 31b', 2, '10', '20', 'Completed', '2016-05-19', NULL),
(581, 'Lauraaslia 35B', 1, '11', '26', 'Completed', '2016-05-19', NULL),
(582, 'Korvettveien 49', 2, '11', '0', 'Completed', '2016-05-20', NULL),
(583, 'Billeviga', 1, '11', '0', 'Completed', '2016-05-20', NULL),
(584, 'Holberhsgate 43', 1, '10', '20', 'Completed', '2016-05-20', NULL),
(585, 'Hagwbeitveien 14', 2, '10', '20', 'Completed', '2016-05-20', NULL),
(586, 'BlÃ¥meisvegen 28B', 1, '11', '26', 'Completed', '2016-05-20', NULL),
(587, 'Bronseveien 13E', 3, '11', '0', 'Completed', '2016-05-23', NULL),
(588, 'Korvettveien 27', 1, '10', '20', 'Completed', '2016-05-23', NULL),
(589, 'HomborsundhÃ¸yda 1', 1, '10', '21', 'Completed', '2016-05-23', NULL),
(590, 'Langemyrjordet 9', 2, '10', '21', 'Completed', '2016-05-23', NULL),
(591, 'Presteheia 100', 1, '11', '24', 'Completed', '2016-05-24', NULL),
(592, 'Gamle Kirkeveg 15', 3, '11', '23', 'Completed', '2016-05-24', NULL),
(593, 'Holskogveien 131', 2, '11', '0', 'Completed', '2016-05-24', NULL),
(594, 'Arendalsvegen 95', 1, '10', '21', 'Completed', '2016-05-24', NULL),
(595, 'KalvÃ¥sveien 30', 2, '10', '0', 'Completed', '2016-05-24', NULL),
(596, 'Kuholmsveien 9', 1, '10', '27', 'Completed', '2016-05-24', NULL),
(597, 'Bevervegen 5c', 2, '10', '21', 'Completed', '2016-05-24', NULL),
(598, 'Oddehei platÃ¥ 46', 3, '10', '20', 'Completed', '2016-05-24', NULL),
(599, 'Osteroya 211', 2, '11', '0', 'Completed', '2016-05-25', NULL),
(600, 'Ostre Strandgate 14A', 3, '11', '24', 'Completed', '2016-05-25', NULL),
(601, 'Tykkelimoen 31 103', 1, '11', '0', 'Completed', '2016-05-25', NULL),
(602, 'Ã˜ygarden 11', 1, '10', '21', 'Completed', '2016-05-25', NULL),
(603, 'Kna-veien 84', 1, '10', '21', 'Completed', '2016-05-25', NULL),
(604, 'Kjerrheibakken 18', 2, '10', '21', 'Completed', '2016-05-25', NULL),
(605, 'Skrefjellvegen 32A', 2, '11', '23', 'Completed', '2016-05-25', NULL),
(606, 'Knarrevikveien 28', 2, '10', '20', 'Completed', '2016-05-25', NULL),
(607, 'Toftelandsveien 2', 2, '11', '0', 'Completed', '2016-05-25', NULL),
(608, 'Bakkane 16', 2, '10', '21', 'Completed', '2016-05-26', NULL),
(609, 'Lundevegen 50', 1, '10', '21', 'Completed', '2016-05-26', NULL),
(610, 'Bakhei 23', 2, '10', '22', 'Completed', '2016-05-26', NULL),
(611, 'Lussedalen 15', 2, '11', '23', 'Completed', '2016-05-26', NULL),
(612, 'Scarttjonnheia 31', 3, '10', '20', 'Completed', '2016-05-26', NULL),
(613, 'Svimle', 3, '10', '27', 'Completed', '2016-05-27', NULL),
(614, 'Tingsakerlia 24', 1, '11', '26', 'Completed', '2016-05-30', NULL),
(615, 'Trysnesveien 490', 2, '11', '0', 'Completed', '2016-05-30', NULL),
(616, 'Odderhei terrasse 103', 2, '10', '20', 'Completed', '2016-05-30', NULL),
(617, 'BlÃ¥meisvegen 16', 3, '10', '20', 'Completed', '2016-05-30', NULL),
(618, 'Tors Gate 10', 2, '11', '0', 'Completed', '2016-05-31', NULL),
(619, 'Dvergsneskollen 68', 2, '10', '20', 'Completed', '2016-05-31', NULL),
(620, 'Hasselbakken 21d', 3, '10', '20', 'Completed', '2016-05-31', NULL),
(621, 'Kvernstien 8', 2, '11', '0', 'Completed', '2016-05-31', NULL),
(625, 'Palladiumveien 40E', 1, '11', '24', 'Completed', '2016-05-31', NULL),
(626, 'Bakkemoen 25', 2, '11', '26', 'Completed', '2016-05-31', NULL),
(627, 'Tregdeveien 1189', 2, '10', '20', 'Completed', '2016-05-31', NULL),
(628, 'FrÃ¸yslanssveien 9a', 2, '10', '20', 'Completed', '2016-06-01', NULL),
(629, 'Danskehaugen 2', 1, '11', '26', 'Completed', '2016-06-01', NULL),
(630, 'Koldalsvegen 16a', 1, '10', '21', 'Completed', '2016-06-01', NULL),
(631, 'Hollegata 6', 1, '11', '0', 'Completed', '2016-06-02', NULL),
(632, 'Ã˜stre strandgate 26', 1, '10', '0', 'Completed', '2016-06-02', NULL),
(633, 'Vatnelivegen 28', 2, '10', '20', 'Completed', '2016-06-02', NULL),
(634, 'Kjerrheia 68', 2, '10', '20', 'Completed', '2016-06-03', NULL),
(635, 'Torvmoen 9', 2, '11', '0', 'Completed', '2016-06-03', NULL),
(636, 'TÃ¸nnhomvegen 16', 1, '11', '0', 'Completed', '2016-06-03', NULL),
(637, 'Hommedalsskogen 29a', 2, '10', '21', 'Completed', '2016-06-03', NULL),
(638, 'Mikkelssti 11a', 2, '10', '0', 'Completed', '2016-06-03', NULL),
(639, 'Askedalslia 10E', 1, '11', '26', 'Completed', '2016-06-06', NULL),
(640, 'Lyngvegen 12b', 3, '10', '27', 'Completed', '2016-06-06', NULL),
(641, 'Moltekjerrveirn 15', 2, '10', '0', 'Completed', '2016-06-06', NULL),
(642, 'Hotellvegen 25', 1, '10', '22', 'Completed', '2016-06-06', NULL),
(643, 'Basstuvaaga 26', 1, '11', '0', 'Completed', '2016-06-06', NULL),
(644, 'Basstuvaaga 28', 1, '11', '0', 'Completed', '2016-06-06', NULL),
(645, 'Hestheivegen 62', 2, '10', '22', 'Completed', '2016-06-06', NULL),
(646, 'Palladiumveien 25', 2, '10', '20', 'Completed', '2016-06-07', NULL),
(647, 'Kristian 4desgt 82c', 1, '10', '22', 'Completed', '2016-06-07', NULL),
(648, 'Skreros', 2, '11', '26', 'Completed', '2016-06-07', NULL),
(649, 'KjÃ¦re brygge', 2, '10', '20', 'Completed', '2016-06-07', NULL),
(650, 'TÃ¸ane 26B', 1, '11', '26', 'Completed', '2016-06-07', NULL),
(651, 'Finsland', 2, '10', '27', 'Completed', '2016-06-07', NULL),
(652, 'Hytte Engesland', 1, '11', '26', 'Completed', '2016-06-08', NULL),
(653, 'Sileenestangen 63b ', 2, '10', '20', 'Completed', '2016-06-08', NULL),
(654, 'KongsgÃ¥rd alle 10d', 1, '10', '27', 'Completed', '2016-06-08', NULL),
(655, 'Parkvegen 4A', 2, '11', '0', 'Completed', '2016-06-08', NULL),
(656, 'Kvernstien 8', 2, '11', '0', 'Completed', '2016-06-09', NULL),
(657, 'Roresanden 69', 4, '10', '21', 'Completed', '2016-06-09', NULL),
(658, 'Vestrevegen 8', 3, '11', '23', 'Completed', '2016-06-09', NULL),
(659, 'Syrtveit 23', 2, '11', '23', 'Completed', '2016-06-09', NULL),
(660, 'Bark silas vei 8', 1, '10', '21', 'Completed', '2016-06-09', NULL),
(661, 'VesterÃ¥len 23b', 1, '10', '21', 'Completed', '2016-06-09', NULL),
(662, 'Svarttjonnheia 86B', 1, '11', '0', 'Completed', '2016-06-09', NULL),
(663, 'Tors Gate 16', 1, '11', '0', 'Completed', '2016-06-09', NULL),
(664, 'Marviksveien 40', 1, '11', '0', 'Completed', '2016-06-10', NULL),
(665, 'SkaftÃ¥sen 85', 2, '10', '21', 'Completed', '2016-06-10', NULL),
(666, 'Grooseveien 3', 2, '10', '21', 'Completed', '2016-06-10', NULL),
(668, 'Markveien 12', 1, '11', '24', 'Completed', '2016-06-10', NULL),
(669, 'Bakkane 26b', 2, '10', '21', 'Completed', '2016-06-13', NULL),
(670, 'Setesdalsvegen 1001', 2, '10', '22', 'Completed', '2016-06-13', NULL),
(671, 'Krossnesveien 16', 1, '11', '0', 'Completed', '2016-06-13', NULL),
(672, 'Dronningensgt 77', 1, '10', '20', 'Completed', '2016-06-14', NULL),
(673, 'Kirkekleiva 54', 1, '10', '21', 'Completed', '2016-06-14', NULL),
(674, 'Blyveien 1A', 1, '11', '0', 'Completed', '2016-06-14', NULL),
(675, 'Verven 8', 1, '10', '20', 'Completed', '2016-06-14', NULL),
(677, 'Brinken 29', 2, '10', '20', 'Completed', '2016-06-14', NULL),
(678, 'Stener Heyerdahls gate 7', 1, '10', '27', 'Completed', '2016-06-14', NULL),
(679, 'Skiftenes', 2, '10', '21', 'Completed', '2016-06-15', NULL),
(680, 'Bregneveien 39', 2, '10', '20', 'Completed', '2016-06-15', NULL),
(681, 'Hundebakken 25c', 3, '10', '20', 'Completed', '2016-06-16', NULL),
(682, 'LiIegate5', 3, '10', '21', 'Completed', '2016-06-16', NULL),
(683, 'Vesterled 23b', 1, '10', '21', 'Completed', '2016-06-16', NULL),
(684, 'Buheiveien 12', 2, '10', '20', 'Completed', '2016-06-17', NULL),
(685, 'Rive', 1, '10', '20', 'Completed', '2016-06-17', NULL),
(686, 'Hestehov 24', 3, '10', '21', 'Completed', '2016-06-17', NULL),
(687, 'Molybdenveien 17', 2, '10', '20', 'Completed', '2016-06-20', NULL),
(688, 'Bark Silas vei 8', 1, '10', '0', 'Completed', '2016-06-20', NULL),
(689, 'Setesdalsveien 62C', 2, '11', '0', 'Completed', '2016-06-20', NULL),
(690, 'Hyllelia 37b', 3, '10', '20', 'Completed', '2016-06-20', NULL),
(691, 'Konvallvegen 28C', 1, '11', '26', 'Completed', '2016-06-20', NULL),
(692, 'Rabbersveien 9', 2, '11', '23', 'Completed', '2016-06-20', NULL),
(693, 'Trysnes', 1, '10', '0', 'Completed', '2016-06-21', NULL),
(694, 'Bakkevegen 21', 1, '11', '23', 'Completed', '2016-06-21', NULL),
(695, 'Moseidvegen 33C', 2, '11', '26', 'Completed', '2016-06-21', NULL),
(696, 'Kinovegen 6B', 1, '11', '23', 'Completed', '2016-06-21', NULL),
(697, 'JÃ¸rgen bangs gate 11', 2, '10', '21', 'Completed', '2016-06-22', NULL),
(698, 'Fasanveien 4', 1, '10', '20', 'Completed', '2016-06-22', NULL),
(699, 'Bokfinkvegen 22a', 1, '10', '21', 'Completed', '2016-06-22', NULL),
(700, 'RÃ¸yknesvegen 40', 1, '10', '21', 'Completed', '2016-06-23', NULL),
(701, 'SvarttjÃ¸nnheia 105 ', 2, '10', '20', 'Completed', '2016-06-27', NULL),
(702, 'KlÃ¸verveien 11c', 2, '10', '21', 'Completed', '2016-06-27', NULL),
(703, 'Trysnes', 1, '10', '0', 'Completed', '2016-06-28', NULL),
(704, 'Eikeland', 2, '10', '21', 'Completed', '2016-06-28', NULL),
(705, 'Ankerveien 4a', 4, '10', '21', 'Completed', '2016-06-28', NULL),
(706, 'KjÃ¸ita 22b', 1, '10', '20', 'Completed', '2016-06-29', NULL),
(707, 'T&oslash;nnevoldsgate 30', 1, '10', '21', 'Completed', '2016-06-29', NULL),
(708, 'Sodal Terrasse 24', 2, '11', '0', 'Completed', '2016-06-30', NULL),
(709, 'Matholvegen 17', 1, '11', '0', 'Completed', '2016-06-30', NULL),
(716, 'Holbergs Gate 49B', 1, '11', '0', 'Completed', '2016-07-04', NULL),
(717, 'Engelshei 32 seksjon 1', 2, '10', '20', 'Completed', '2016-07-04', NULL),
(718, 'Engelshei 32 seksjon 2', 2, '10', '20', 'Completed', '2016-07-04', NULL),
(719, 'Auglandskollen20', 3, '10', '20', 'Completed', '2016-07-05', NULL),
(720, 'Slettheiveien 72d', 2, '10', '20', 'Completed', '2016-07-05', NULL),
(721, 'Skomagergada 49C', 1, '11', '0', 'Completed', '2016-07-05', NULL),
(722, 'Mjaalandsveien 22', 1, '11', '0', 'Completed', '2016-07-05', NULL),
(723, 'Arendalsvegen 2', 2, '11', '0', 'Completed', '2016-07-05', NULL),
(724, 'Furuliveien 5B', 1, '10', '21', 'Completed', '2016-07-06', NULL),
(725, 'Gjert S&oslash;rensens vei 32', 2, '10', '21', 'Completed', '2016-07-06', NULL),
(726, 'Smiheia 9b', 2, '10', '20', 'Completed', '2016-07-07', NULL),
(727, 'Vikstolvegen 8', 1, '11', '23', 'Completed', '2016-07-07', NULL),
(728, 'Holmen 54', 2, '11', '23', 'Completed', '2016-07-07', NULL),
(729, 'Kongens Gate 44', 1, '11', '24', 'Completed', '2016-07-08', NULL);

-- --------------------------------------------------------

--
-- Table structure for table `tb_user`
--

CREATE TABLE IF NOT EXISTS `tb_user` (
  `id` int(15) NOT NULL AUTO_INCREMENT,
  `fname` varchar(15) NOT NULL,
  `lname` varchar(15) NOT NULL,
  `email` varchar(50) NOT NULL,
  `pass` varchar(50) NOT NULL COMMENT 'Password',
  `user_type` enum('Admin','Client') NOT NULL DEFAULT 'Client' COMMENT 'User Type',
  `user_status` enum('Active','InActive','Deleted') NOT NULL DEFAULT 'InActive' COMMENT 'User Status',
  `activation_link` varchar(50) NOT NULL COMMENT 'activation link of user activate after sign up',
  `user_creation` timestamp NOT NULL DEFAULT CURRENT_TIMESTAMP COMMENT 'Timestamp of user creation when sign up',
  `last_login` timestamp NOT NULL DEFAULT '0000-00-00 00:00:00',
  `user_delete` enum('yes','no') NOT NULL DEFAULT 'no',
  PRIMARY KEY (`id`)
) ENGINE=InnoDB  DEFAULT CHARSET=latin1 AUTO_INCREMENT=29 ;

--
-- Dumping data for table `tb_user`
--

INSERT INTO `tb_user` (`id`, `fname`, `lname`, `email`, `pass`, `user_type`, `user_status`, `activation_link`, `user_creation`, `last_login`, `user_delete`) VALUES
(9, 'Admin', 'Dipankar', 'dipankar.naskar@coredigita.com', 'a18f5b2abb726341ff87c4e040e14e7d', 'Admin', 'Active', '1185232196', '2016-05-31 21:54:10', '0000-00-00 00:00:00', 'no'),
(10, 'Thomas von ', 'Kiedrowski Heim', 'deep.dashng9@outlook.com', '5f4dcc3b5aa765d61d8327deb882cf99', 'Client', 'Active', '5274207965', '2015-11-01 21:58:02', '0000-00-00 00:00:00', 'no'),
(11, 'Stein ', 'Olsen', 'deep.dashng9@outlook.com', '7c6a180b36896a0a8c02787eeafb0e4c', 'Client', 'Active', '5282620823', '2015-11-01 21:58:53', '0000-00-00 00:00:00', 'no'),
(28, 'Test', 'Client', 'abhay9389@gmail.com', 'e10adc3949ba59abbe56e057f20f883e', 'Client', 'Active', '2096931156', '2016-07-04 11:35:26', '0000-00-00 00:00:00', 'no');

/*!40101 SET CHARACTER_SET_CLIENT=@OLD_CHARACTER_SET_CLIENT */;
/*!40101 SET CHARACTER_SET_RESULTS=@OLD_CHARACTER_SET_RESULTS */;
/*!40101 SET COLLATION_CONNECTION=@OLD_COLLATION_CONNECTION */;
